"train_start","train_end","test_start","test_end","model_name","params","metric","threshold","metric_value"
"2012-01-01 00:00:00","2013-05-02 00:00:00","2013-07-01 00:00:00","2014-01-01 00:00:00","sklearn.ensemble.BaggingClassifier","{""n_jobs"": -1, ""warm_start"": true, ""n_estimators"": 10}","accuracy",1,0.7352263621794872
"2012-01-01 00:00:00","2013-05-02 00:00:00","2013-07-01 00:00:00","2014-01-01 00:00:00","sklearn.ensemble.BaggingClassifier","{""n_jobs"": -1, ""warm_start"": true, ""n_estimators"": 10}","precision",1,0.457286432160804
"2012-01-01 00:00:00","2013-05-02 00:00:00","2013-07-01 00:00:00","2014-01-01 00:00:00","sklearn.ensemble.BaggingClassifier","{""n_jobs"": -1, ""warm_start"": true, ""n_estimators"": 10}","recall",1,0.01726755218216319
"2012-01-01 00:00:00","2013-05-02 00:00:00","2013-07-01 00:00:00","2014-01-01 00:00:00","sklearn.ensemble.BaggingClassifier","{""n_jobs"": -1, ""warm_start"": true, ""n_estimators"": 10}","f1",1,0.03327847869811666
"2012-01-01 00:00:00","2013-05-02 00:00:00","2013-07-01 00:00:00","2014-01-01 00:00:00","sklearn.ensemble.BaggingClassifier","{""n_jobs"": -1, ""warm_start"": true, ""n_estimators"": 10}","roc_auc",1,0.6563864876735221
"2012-01-01 00:00:00","2013-05-02 00:00:00","2013-07-01 00:00:00","2014-01-01 00:00:00","sklearn.ensemble.BaggingClassifier","{""n_jobs"": -1, ""warm_start"": true, ""n_estimators"": 10}","accuracy",2,0.7338241185897436
"2012-01-01 00:00:00","2013-05-02 00:00:00","2013-07-01 00:00:00","2014-01-01 00:00:00","sklearn.ensemble.BaggingClassifier","{""n_jobs"": -1, ""warm_start"": true, ""n_estimators"": 10}","precision",2,0.44360902255639095
"2012-01-01 00:00:00","2013-05-02 00:00:00","2013-07-01 00:00:00","2014-01-01 00:00:00","sklearn.ensemble.BaggingClassifier","{""n_jobs"": -1, ""warm_start"": true, ""n_estimators"": 10}","recall",2,0.033586337760910814
"2012-01-01 00:00:00","2013-05-02 00:00:00","2013-07-01 00:00:00","2014-01-01 00:00:00","sklearn.ensemble.BaggingClassifier","{""n_jobs"": -1, ""warm_start"": true, ""n_estimators"": 10}","f1",2,0.06244487563944258
"2012-01-01 00:00:00","2013-05-02 00:00:00","2013-07-01 00:00:00","2014-01-01 00:00:00","sklearn.ensemble.BaggingClassifier","{""n_jobs"": -1, ""warm_start"": true, ""n_estimators"": 10}","roc_auc",2,0.6563864876735221
"2012-01-01 00:00:00","2013-05-02 00:00:00","2013-07-01 00:00:00","2014-01-01 00:00:00","sklearn.ensemble.BaggingClassifier","{""n_jobs"": -1, ""warm_start"": true, ""n_estimators"": 10}","accuracy",5,0.7303685897435898
"2012-01-01 00:00:00","2013-05-02 00:00:00","2013-07-01 00:00:00","2014-01-01 00:00:00","sklearn.ensemble.BaggingClassifier","{""n_jobs"": -1, ""warm_start"": true, ""n_estimators"": 10}","precision",5,0.44288577154308617
"2012-01-01 00:00:00","2013-05-02 00:00:00","2013-07-01 00:00:00","2014-01-01 00:00:00","sklearn.ensemble.BaggingClassifier","{""n_jobs"": -1, ""warm_start"": true, ""n_estimators"": 10}","recall",5,0.08387096774193549
"2012-01-01 00:00:00","2013-05-02 00:00:00","2013-07-01 00:00:00","2014-01-01 00:00:00","sklearn.ensemble.BaggingClassifier","{""n_jobs"": -1, ""warm_start"": true, ""n_estimators"": 10}","f1",5,0.1410338225909381
"2012-01-01 00:00:00","2013-05-02 00:00:00","2013-07-01 00:00:00","2014-01-01 00:00:00","sklearn.ensemble.BaggingClassifier","{""n_jobs"": -1, ""warm_start"": true, ""n_estimators"": 10}","roc_auc",5,0.6563864876735221
"2012-01-01 00:00:00","2013-05-02 00:00:00","2013-07-01 00:00:00","2014-01-01 00:00:00","sklearn.ensemble.BaggingClassifier","{""n_jobs"": -1, ""warm_start"": true, ""n_estimators"": 10}","accuracy",10,0.7245592948717948
"2012-01-01 00:00:00","2013-05-02 00:00:00","2013-07-01 00:00:00","2014-01-01 00:00:00","sklearn.ensemble.BaggingClassifier","{""n_jobs"": -1, ""warm_start"": true, ""n_estimators"": 10}","precision",10,0.4423847695390782
"2012-01-01 00:00:00","2013-05-02 00:00:00","2013-07-01 00:00:00","2014-01-01 00:00:00","sklearn.ensemble.BaggingClassifier","{""n_jobs"": -1, ""warm_start"": true, ""n_estimators"": 10}","recall",10,0.16755218216318785
"2012-01-01 00:00:00","2013-05-02 00:00:00","2013-07-01 00:00:00","2014-01-01 00:00:00","sklearn.ensemble.BaggingClassifier","{""n_jobs"": -1, ""warm_start"": true, ""n_estimators"": 10}","f1",10,0.24304982108450315
"2012-01-01 00:00:00","2013-05-02 00:00:00","2013-07-01 00:00:00","2014-01-01 00:00:00","sklearn.ensemble.BaggingClassifier","{""n_jobs"": -1, ""warm_start"": true, ""n_estimators"": 10}","roc_auc",10,0.6563864876735221
"2012-01-01 00:00:00","2013-05-02 00:00:00","2013-07-01 00:00:00","2014-01-01 00:00:00","sklearn.ensemble.BaggingClassifier","{""n_jobs"": -1, ""warm_start"": true, ""n_estimators"": 10}","accuracy",20,0.705078125
"2012-01-01 00:00:00","2013-05-02 00:00:00","2013-07-01 00:00:00","2014-01-01 00:00:00","sklearn.ensemble.BaggingClassifier","{""n_jobs"": -1, ""warm_start"": true, ""n_estimators"": 10}","precision",20,0.42248935637365387
"2012-01-01 00:00:00","2013-05-02 00:00:00","2013-07-01 00:00:00","2014-01-01 00:00:00","sklearn.ensemble.BaggingClassifier","{""n_jobs"": -1, ""warm_start"": true, ""n_estimators"": 10}","recall",20,0.3201138519924099
"2012-01-01 00:00:00","2013-05-02 00:00:00","2013-07-01 00:00:00","2014-01-01 00:00:00","sklearn.ensemble.BaggingClassifier","{""n_jobs"": -1, ""warm_start"": true, ""n_estimators"": 10}","f1",20,0.36424484508258664
"2012-01-01 00:00:00","2013-05-02 00:00:00","2013-07-01 00:00:00","2014-01-01 00:00:00","sklearn.ensemble.BaggingClassifier","{""n_jobs"": -1, ""warm_start"": true, ""n_estimators"": 10}","roc_auc",20,0.6563864876735221
"2012-01-01 00:00:00","2013-05-02 00:00:00","2013-07-01 00:00:00","2014-01-01 00:00:00","sklearn.ensemble.BaggingClassifier","{""n_jobs"": -1, ""warm_start"": true, ""n_estimators"": 10}","accuracy",30,0.6768830128205128
"2012-01-01 00:00:00","2013-05-02 00:00:00","2013-07-01 00:00:00","2014-01-01 00:00:00","sklearn.ensemble.BaggingClassifier","{""n_jobs"": -1, ""warm_start"": true, ""n_estimators"": 10}","precision",30,0.4013355592654424
"2012-01-01 00:00:00","2013-05-02 00:00:00","2013-07-01 00:00:00","2014-01-01 00:00:00","sklearn.ensemble.BaggingClassifier","{""n_jobs"": -1, ""warm_start"": true, ""n_estimators"": 10}","recall",30,0.45616698292220115
"2012-01-01 00:00:00","2013-05-02 00:00:00","2013-07-01 00:00:00","2014-01-01 00:00:00","sklearn.ensemble.BaggingClassifier","{""n_jobs"": -1, ""warm_start"": true, ""n_estimators"": 10}","f1",30,0.4269982238010657
"2012-01-01 00:00:00","2013-05-02 00:00:00","2013-07-01 00:00:00","2014-01-01 00:00:00","sklearn.ensemble.BaggingClassifier","{""n_jobs"": -1, ""warm_start"": true, ""n_estimators"": 10}","roc_auc",30,0.6563864876735221
"2012-01-01 00:00:00","2013-05-02 00:00:00","2013-07-01 00:00:00","2014-01-01 00:00:00","sklearn.ensemble.BaggingClassifier","{""n_jobs"": -1, ""warm_start"": true, ""n_estimators"": 10}","accuracy",50,0.592948717948718
"2012-01-01 00:00:00","2013-05-02 00:00:00","2013-07-01 00:00:00","2014-01-01 00:00:00","sklearn.ensemble.BaggingClassifier","{""n_jobs"": -1, ""warm_start"": true, ""n_estimators"": 10}","precision",50,0.3568709935897436
"2012-01-01 00:00:00","2013-05-02 00:00:00","2013-07-01 00:00:00","2014-01-01 00:00:00","sklearn.ensemble.BaggingClassifier","{""n_jobs"": -1, ""warm_start"": true, ""n_estimators"": 10}","recall",50,0.676091081593928
"2012-01-01 00:00:00","2013-05-02 00:00:00","2013-07-01 00:00:00","2014-01-01 00:00:00","sklearn.ensemble.BaggingClassifier","{""n_jobs"": -1, ""warm_start"": true, ""n_estimators"": 10}","f1",50,0.4671561557624229
"2012-01-01 00:00:00","2013-05-02 00:00:00","2013-07-01 00:00:00","2014-01-01 00:00:00","sklearn.ensemble.BaggingClassifier","{""n_jobs"": -1, ""warm_start"": true, ""n_estimators"": 10}","roc_auc",50,0.6563864876735221
"2012-01-01 00:00:00","2013-05-02 00:00:00","2013-07-01 00:00:00","2014-01-01 00:00:00","sklearn.ensemble.BaggingClassifier","{""n_jobs"": -1, ""warm_start"": true, ""n_estimators"": 20}","accuracy",1,0.7356270032051282
"2012-01-01 00:00:00","2013-05-02 00:00:00","2013-07-01 00:00:00","2014-01-01 00:00:00","sklearn.ensemble.BaggingClassifier","{""n_jobs"": -1, ""warm_start"": true, ""n_estimators"": 20}","precision",1,0.47738693467336685
"2012-01-01 00:00:00","2013-05-02 00:00:00","2013-07-01 00:00:00","2014-01-01 00:00:00","sklearn.ensemble.BaggingClassifier","{""n_jobs"": -1, ""warm_start"": true, ""n_estimators"": 20}","recall",1,0.018026565464895637
"2012-01-01 00:00:00","2013-05-02 00:00:00","2013-07-01 00:00:00","2014-01-01 00:00:00","sklearn.ensemble.BaggingClassifier","{""n_jobs"": -1, ""warm_start"": true, ""n_estimators"": 20}","f1",1,0.03474126897056135
"2012-01-01 00:00:00","2013-05-02 00:00:00","2013-07-01 00:00:00","2014-01-01 00:00:00","sklearn.ensemble.BaggingClassifier","{""n_jobs"": -1, ""warm_start"": true, ""n_estimators"": 20}","roc_auc",1,0.6662579594275435
"2012-01-01 00:00:00","2013-05-02 00:00:00","2013-07-01 00:00:00","2014-01-01 00:00:00","sklearn.ensemble.BaggingClassifier","{""n_jobs"": -1, ""warm_start"": true, ""n_estimators"": 20}","accuracy",2,0.7351262019230769
"2012-01-01 00:00:00","2013-05-02 00:00:00","2013-07-01 00:00:00","2014-01-01 00:00:00","sklearn.ensemble.BaggingClassifier","{""n_jobs"": -1, ""warm_start"": true, ""n_estimators"": 20}","precision",2,0.47619047619047616
"2012-01-01 00:00:00","2013-05-02 00:00:00","2013-07-01 00:00:00","2014-01-01 00:00:00","sklearn.ensemble.BaggingClassifier","{""n_jobs"": -1, ""warm_start"": true, ""n_estimators"": 20}","recall",2,0.036053130929791274
"2012-01-01 00:00:00","2013-05-02 00:00:00","2013-07-01 00:00:00","2014-01-01 00:00:00","sklearn.ensemble.BaggingClassifier","{""n_jobs"": -1, ""warm_start"": true, ""n_estimators"": 20}","f1",2,0.06703122243781974
"2012-01-01 00:00:00","2013-05-02 00:00:00","2013-07-01 00:00:00","2014-01-01 00:00:00","sklearn.ensemble.BaggingClassifier","{""n_jobs"": -1, ""warm_start"": true, ""n_estimators"": 20}","roc_auc",2,0.6662579594275435
"2012-01-01 00:00:00","2013-05-02 00:00:00","2013-07-01 00:00:00","2014-01-01 00:00:00","sklearn.ensemble.BaggingClassifier","{""n_jobs"": -1, ""warm_start"": true, ""n_estimators"": 20}","accuracy",5,0.7306690705128205
"2012-01-01 00:00:00","2013-05-02 00:00:00","2013-07-01 00:00:00","2014-01-01 00:00:00","sklearn.ensemble.BaggingClassifier","{""n_jobs"": -1, ""warm_start"": true, ""n_estimators"": 20}","precision",5,0.44589178356713427
"2012-01-01 00:00:00","2013-05-02 00:00:00","2013-07-01 00:00:00","2014-01-01 00:00:00","sklearn.ensemble.BaggingClassifier","{""n_jobs"": -1, ""warm_start"": true, ""n_estimators"": 20}","recall",5,0.08444022770398482
"2012-01-01 00:00:00","2013-05-02 00:00:00","2013-07-01 00:00:00","2014-01-01 00:00:00","sklearn.ensemble.BaggingClassifier","{""n_jobs"": -1, ""warm_start"": true, ""n_estimators"": 20}","f1",5,0.14199106573069561
"2012-01-01 00:00:00","2013-05-02 00:00:00","2013-07-01 00:00:00","2014-01-01 00:00:00","sklearn.ensemble.BaggingClassifier","{""n_jobs"": -1, ""warm_start"": true, ""n_estimators"": 20}","roc_auc",5,0.6662579594275435
"2012-01-01 00:00:00","2013-05-02 00:00:00","2013-07-01 00:00:00","2014-01-01 00:00:00","sklearn.ensemble.BaggingClassifier","{""n_jobs"": -1, ""warm_start"": true, ""n_estimators"": 20}","accuracy",10,0.7251602564102564
"2012-01-01 00:00:00","2013-05-02 00:00:00","2013-07-01 00:00:00","2014-01-01 00:00:00","sklearn.ensemble.BaggingClassifier","{""n_jobs"": -1, ""warm_start"": true, ""n_estimators"": 20}","precision",10,0.4453907815631262
"2012-01-01 00:00:00","2013-05-02 00:00:00","2013-07-01 00:00:00","2014-01-01 00:00:00","sklearn.ensemble.BaggingClassifier","{""n_jobs"": -1, ""warm_start"": true, ""n_estimators"": 20}","recall",10,0.16869070208728654
"2012-01-01 00:00:00","2013-05-02 00:00:00","2013-07-01 00:00:00","2014-01-01 00:00:00","sklearn.ensemble.BaggingClassifier","{""n_jobs"": -1, ""warm_start"": true, ""n_estimators"": 20}","f1",10,0.24470134874759153
"2012-01-01 00:00:00","2013-05-02 00:00:00","2013-07-01 00:00:00","2014-01-01 00:00:00","sklearn.ensemble.BaggingClassifier","{""n_jobs"": -1, ""warm_start"": true, ""n_estimators"": 20}","roc_auc",10,0.6662579594275435
"2012-01-01 00:00:00","2013-05-02 00:00:00","2013-07-01 00:00:00","2014-01-01 00:00:00","sklearn.ensemble.BaggingClassifier","{""n_jobs"": -1, ""warm_start"": true, ""n_estimators"": 20}","accuracy",20,0.7034755608974359
"2012-01-01 00:00:00","2013-05-02 00:00:00","2013-07-01 00:00:00","2014-01-01 00:00:00","sklearn.ensemble.BaggingClassifier","{""n_jobs"": -1, ""warm_start"": true, ""n_estimators"": 20}","precision",20,0.4184823441021788
"2012-01-01 00:00:00","2013-05-02 00:00:00","2013-07-01 00:00:00","2014-01-01 00:00:00","sklearn.ensemble.BaggingClassifier","{""n_jobs"": -1, ""warm_start"": true, ""n_estimators"": 20}","recall",20,0.3170777988614801
"2012-01-01 00:00:00","2013-05-02 00:00:00","2013-07-01 00:00:00","2014-01-01 00:00:00","sklearn.ensemble.BaggingClassifier","{""n_jobs"": -1, ""warm_start"": true, ""n_estimators"": 20}","f1",20,0.36079024074273996
"2012-01-01 00:00:00","2013-05-02 00:00:00","2013-07-01 00:00:00","2014-01-01 00:00:00","sklearn.ensemble.BaggingClassifier","{""n_jobs"": -1, ""warm_start"": true, ""n_estimators"": 20}","roc_auc",20,0.6662579594275435
"2012-01-01 00:00:00","2013-05-02 00:00:00","2013-07-01 00:00:00","2014-01-01 00:00:00","sklearn.ensemble.BaggingClassifier","{""n_jobs"": -1, ""warm_start"": true, ""n_estimators"": 20}","accuracy",30,0.6786858974358975
"2012-01-01 00:00:00","2013-05-02 00:00:00","2013-07-01 00:00:00","2014-01-01 00:00:00","sklearn.ensemble.BaggingClassifier","{""n_jobs"": -1, ""warm_start"": true, ""n_estimators"": 20}","precision",30,0.40434056761268783
"2012-01-01 00:00:00","2013-05-02 00:00:00","2013-07-01 00:00:00","2014-01-01 00:00:00","sklearn.ensemble.BaggingClassifier","{""n_jobs"": -1, ""warm_start"": true, ""n_estimators"": 20}","recall",30,0.45958254269449716
"2012-01-01 00:00:00","2013-05-02 00:00:00","2013-07-01 00:00:00","2014-01-01 00:00:00","sklearn.ensemble.BaggingClassifier","{""n_jobs"": -1, ""warm_start"": true, ""n_estimators"": 20}","f1",30,0.4301953818827709
"2012-01-01 00:00:00","2013-05-02 00:00:00","2013-07-01 00:00:00","2014-01-01 00:00:00","sklearn.ensemble.BaggingClassifier","{""n_jobs"": -1, ""warm_start"": true, ""n_estimators"": 20}","roc_auc",30,0.6662579594275435
"2012-01-01 00:00:00","2013-05-02 00:00:00","2013-07-01 00:00:00","2014-01-01 00:00:00","sklearn.ensemble.BaggingClassifier","{""n_jobs"": -1, ""warm_start"": true, ""n_estimators"": 20}","accuracy",50,0.598457532051282
"2012-01-01 00:00:00","2013-05-02 00:00:00","2013-07-01 00:00:00","2014-01-01 00:00:00","sklearn.ensemble.BaggingClassifier","{""n_jobs"": -1, ""warm_start"": true, ""n_estimators"": 20}","precision",50,0.3623798076923077
"2012-01-01 00:00:00","2013-05-02 00:00:00","2013-07-01 00:00:00","2014-01-01 00:00:00","sklearn.ensemble.BaggingClassifier","{""n_jobs"": -1, ""warm_start"": true, ""n_estimators"": 20}","recall",50,0.686527514231499
"2012-01-01 00:00:00","2013-05-02 00:00:00","2013-07-01 00:00:00","2014-01-01 00:00:00","sklearn.ensemble.BaggingClassifier","{""n_jobs"": -1, ""warm_start"": true, ""n_estimators"": 20}","f1",50,0.47436737904811854
"2012-01-01 00:00:00","2013-05-02 00:00:00","2013-07-01 00:00:00","2014-01-01 00:00:00","sklearn.ensemble.BaggingClassifier","{""n_jobs"": -1, ""warm_start"": true, ""n_estimators"": 20}","roc_auc",50,0.6662579594275435
"2012-01-01 00:00:00","2013-05-02 00:00:00","2013-07-01 00:00:00","2014-01-01 00:00:00","sklearn.ensemble.GradientBoostingClassifier","{""max_depth"": 3, ""n_estimators"": 100, ""min_samples_split"": 2}","accuracy",1,0.7364282852564102
"2012-01-01 00:00:00","2013-05-02 00:00:00","2013-07-01 00:00:00","2014-01-01 00:00:00","sklearn.ensemble.GradientBoostingClassifier","{""max_depth"": 3, ""n_estimators"": 100, ""min_samples_split"": 2}","precision",1,0.5175879396984925
"2012-01-01 00:00:00","2013-05-02 00:00:00","2013-07-01 00:00:00","2014-01-01 00:00:00","sklearn.ensemble.GradientBoostingClassifier","{""max_depth"": 3, ""n_estimators"": 100, ""min_samples_split"": 2}","recall",1,0.01954459203036053
"2012-01-01 00:00:00","2013-05-02 00:00:00","2013-07-01 00:00:00","2014-01-01 00:00:00","sklearn.ensemble.GradientBoostingClassifier","{""max_depth"": 3, ""n_estimators"": 100, ""min_samples_split"": 2}","f1",1,0.03766684951545072
"2012-01-01 00:00:00","2013-05-02 00:00:00","2013-07-01 00:00:00","2014-01-01 00:00:00","sklearn.ensemble.GradientBoostingClassifier","{""max_depth"": 3, ""n_estimators"": 100, ""min_samples_split"": 2}","roc_auc",1,0.6950250043700843
"2012-01-01 00:00:00","2013-05-02 00:00:00","2013-07-01 00:00:00","2014-01-01 00:00:00","sklearn.ensemble.GradientBoostingClassifier","{""max_depth"": 3, ""n_estimators"": 100, ""min_samples_split"": 2}","accuracy",2,0.736328125
"2012-01-01 00:00:00","2013-05-02 00:00:00","2013-07-01 00:00:00","2014-01-01 00:00:00","sklearn.ensemble.GradientBoostingClassifier","{""max_depth"": 3, ""n_estimators"": 100, ""min_samples_split"": 2}","precision",2,0.506265664160401
"2012-01-01 00:00:00","2013-05-02 00:00:00","2013-07-01 00:00:00","2014-01-01 00:00:00","sklearn.ensemble.GradientBoostingClassifier","{""max_depth"": 3, ""n_estimators"": 100, ""min_samples_split"": 2}","recall",2,0.038330170777988615
"2012-01-01 00:00:00","2013-05-02 00:00:00","2013-07-01 00:00:00","2014-01-01 00:00:00","sklearn.ensemble.GradientBoostingClassifier","{""max_depth"": 3, ""n_estimators"": 100, ""min_samples_split"": 2}","f1",2,0.07126477332862939
"2012-01-01 00:00:00","2013-05-02 00:00:00","2013-07-01 00:00:00","2014-01-01 00:00:00","sklearn.ensemble.GradientBoostingClassifier","{""max_depth"": 3, ""n_estimators"": 100, ""min_samples_split"": 2}","roc_auc",2,0.6950250043700843
"2012-01-01 00:00:00","2013-05-02 00:00:00","2013-07-01 00:00:00","2014-01-01 00:00:00","sklearn.ensemble.GradientBoostingClassifier","{""max_depth"": 3, ""n_estimators"": 100, ""min_samples_split"": 2}","accuracy",5,0.7366786858974359
"2012-01-01 00:00:00","2013-05-02 00:00:00","2013-07-01 00:00:00","2014-01-01 00:00:00","sklearn.ensemble.GradientBoostingClassifier","{""max_depth"": 3, ""n_estimators"": 100, ""min_samples_split"": 2}","precision",5,0.5060120240480962
"2012-01-01 00:00:00","2013-05-02 00:00:00","2013-07-01 00:00:00","2014-01-01 00:00:00","sklearn.ensemble.GradientBoostingClassifier","{""max_depth"": 3, ""n_estimators"": 100, ""min_samples_split"": 2}","recall",5,0.09582542694497154
"2012-01-01 00:00:00","2013-05-02 00:00:00","2013-07-01 00:00:00","2014-01-01 00:00:00","sklearn.ensemble.GradientBoostingClassifier","{""max_depth"": 3, ""n_estimators"": 100, ""min_samples_split"": 2}","f1",5,0.16113592852584557
"2012-01-01 00:00:00","2013-05-02 00:00:00","2013-07-01 00:00:00","2014-01-01 00:00:00","sklearn.ensemble.GradientBoostingClassifier","{""max_depth"": 3, ""n_estimators"": 100, ""min_samples_split"": 2}","roc_auc",5,0.6950250043700843
"2012-01-01 00:00:00","2013-05-02 00:00:00","2013-07-01 00:00:00","2014-01-01 00:00:00","sklearn.ensemble.GradientBoostingClassifier","{""max_depth"": 3, ""n_estimators"": 100, ""min_samples_split"": 2}","accuracy",10,0.7302684294871795
"2012-01-01 00:00:00","2013-05-02 00:00:00","2013-07-01 00:00:00","2014-01-01 00:00:00","sklearn.ensemble.GradientBoostingClassifier","{""max_depth"": 3, ""n_estimators"": 100, ""min_samples_split"": 2}","precision",10,0.4709418837675351
"2012-01-01 00:00:00","2013-05-02 00:00:00","2013-07-01 00:00:00","2014-01-01 00:00:00","sklearn.ensemble.GradientBoostingClassifier","{""max_depth"": 3, ""n_estimators"": 100, ""min_samples_split"": 2}","recall",10,0.17836812144212524
"2012-01-01 00:00:00","2013-05-02 00:00:00","2013-07-01 00:00:00","2014-01-01 00:00:00","sklearn.ensemble.GradientBoostingClassifier","{""max_depth"": 3, ""n_estimators"": 100, ""min_samples_split"": 2}","f1",10,0.25873933388384257
"2012-01-01 00:00:00","2013-05-02 00:00:00","2013-07-01 00:00:00","2014-01-01 00:00:00","sklearn.ensemble.GradientBoostingClassifier","{""max_depth"": 3, ""n_estimators"": 100, ""min_samples_split"": 2}","roc_auc",10,0.6950250043700843
"2012-01-01 00:00:00","2013-05-02 00:00:00","2013-07-01 00:00:00","2014-01-01 00:00:00","sklearn.ensemble.GradientBoostingClassifier","{""max_depth"": 3, ""n_estimators"": 100, ""min_samples_split"": 2}","accuracy",20,0.7153946314102564
"2012-01-01 00:00:00","2013-05-02 00:00:00","2013-07-01 00:00:00","2014-01-01 00:00:00","sklearn.ensemble.GradientBoostingClassifier","{""max_depth"": 3, ""n_estimators"": 100, ""min_samples_split"": 2}","precision",20,0.4482844978712747
"2012-01-01 00:00:00","2013-05-02 00:00:00","2013-07-01 00:00:00","2014-01-01 00:00:00","sklearn.ensemble.GradientBoostingClassifier","{""max_depth"": 3, ""n_estimators"": 100, ""min_samples_split"": 2}","recall",20,0.3396584440227704
"2012-01-01 00:00:00","2013-05-02 00:00:00","2013-07-01 00:00:00","2014-01-01 00:00:00","sklearn.ensemble.GradientBoostingClassifier","{""max_depth"": 3, ""n_estimators"": 100, ""min_samples_split"": 2}","f1",20,0.3864838605203498
"2012-01-01 00:00:00","2013-05-02 00:00:00","2013-07-01 00:00:00","2014-01-01 00:00:00","sklearn.ensemble.GradientBoostingClassifier","{""max_depth"": 3, ""n_estimators"": 100, ""min_samples_split"": 2}","roc_auc",20,0.6950250043700843
"2012-01-01 00:00:00","2013-05-02 00:00:00","2013-07-01 00:00:00","2014-01-01 00:00:00","sklearn.ensemble.GradientBoostingClassifier","{""max_depth"": 3, ""n_estimators"": 100, ""min_samples_split"": 2}","accuracy",30,0.6870993589743589
"2012-01-01 00:00:00","2013-05-02 00:00:00","2013-07-01 00:00:00","2014-01-01 00:00:00","sklearn.ensemble.GradientBoostingClassifier","{""max_depth"": 3, ""n_estimators"": 100, ""min_samples_split"": 2}","precision",30,0.41836393989983306
"2012-01-01 00:00:00","2013-05-02 00:00:00","2013-07-01 00:00:00","2014-01-01 00:00:00","sklearn.ensemble.GradientBoostingClassifier","{""max_depth"": 3, ""n_estimators"": 100, ""min_samples_split"": 2}","recall",30,0.47552182163187856
"2012-01-01 00:00:00","2013-05-02 00:00:00","2013-07-01 00:00:00","2014-01-01 00:00:00","sklearn.ensemble.GradientBoostingClassifier","{""max_depth"": 3, ""n_estimators"": 100, ""min_samples_split"": 2}","f1",30,0.44511545293072824
"2012-01-01 00:00:00","2013-05-02 00:00:00","2013-07-01 00:00:00","2014-01-01 00:00:00","sklearn.ensemble.GradientBoostingClassifier","{""max_depth"": 3, ""n_estimators"": 100, ""min_samples_split"": 2}","roc_auc",30,0.6950250043700843
"2012-01-01 00:00:00","2013-05-02 00:00:00","2013-07-01 00:00:00","2014-01-01 00:00:00","sklearn.ensemble.GradientBoostingClassifier","{""max_depth"": 3, ""n_estimators"": 100, ""min_samples_split"": 2}","accuracy",50,0.6133814102564102
"2012-01-01 00:00:00","2013-05-02 00:00:00","2013-07-01 00:00:00","2014-01-01 00:00:00","sklearn.ensemble.GradientBoostingClassifier","{""max_depth"": 3, ""n_estimators"": 100, ""min_samples_split"": 2}","precision",50,0.3773036858974359
"2012-01-01 00:00:00","2013-05-02 00:00:00","2013-07-01 00:00:00","2014-01-01 00:00:00","sklearn.ensemble.GradientBoostingClassifier","{""max_depth"": 3, ""n_estimators"": 100, ""min_samples_split"": 2}","recall",50,0.7148007590132828
"2012-01-01 00:00:00","2013-05-02 00:00:00","2013-07-01 00:00:00","2014-01-01 00:00:00","sklearn.ensemble.GradientBoostingClassifier","{""max_depth"": 3, ""n_estimators"": 100, ""min_samples_split"": 2}","f1",50,0.493903238494821
"2012-01-01 00:00:00","2013-05-02 00:00:00","2013-07-01 00:00:00","2014-01-01 00:00:00","sklearn.ensemble.GradientBoostingClassifier","{""max_depth"": 3, ""n_estimators"": 100, ""min_samples_split"": 2}","roc_auc",50,0.6950250043700843
"2012-01-01 00:00:00","2013-05-02 00:00:00","2013-07-01 00:00:00","2014-01-01 00:00:00","sklearn.ensemble.GradientBoostingClassifier","{""max_depth"": 3, ""n_estimators"": 200, ""min_samples_split"": 2}","accuracy",1,0.7366286057692307
"2012-01-01 00:00:00","2013-05-02 00:00:00","2013-07-01 00:00:00","2014-01-01 00:00:00","sklearn.ensemble.GradientBoostingClassifier","{""max_depth"": 3, ""n_estimators"": 200, ""min_samples_split"": 2}","precision",1,0.5276381909547738
"2012-01-01 00:00:00","2013-05-02 00:00:00","2013-07-01 00:00:00","2014-01-01 00:00:00","sklearn.ensemble.GradientBoostingClassifier","{""max_depth"": 3, ""n_estimators"": 200, ""min_samples_split"": 2}","recall",1,0.019924098671726755
"2012-01-01 00:00:00","2013-05-02 00:00:00","2013-07-01 00:00:00","2014-01-01 00:00:00","sklearn.ensemble.GradientBoostingClassifier","{""max_depth"": 3, ""n_estimators"": 200, ""min_samples_split"": 2}","f1",1,0.03839824465167307
"2012-01-01 00:00:00","2013-05-02 00:00:00","2013-07-01 00:00:00","2014-01-01 00:00:00","sklearn.ensemble.GradientBoostingClassifier","{""max_depth"": 3, ""n_estimators"": 200, ""min_samples_split"": 2}","roc_auc",1,0.6966678914091502
"2012-01-01 00:00:00","2013-05-02 00:00:00","2013-07-01 00:00:00","2014-01-01 00:00:00","sklearn.ensemble.GradientBoostingClassifier","{""max_depth"": 3, ""n_estimators"": 200, ""min_samples_split"": 2}","accuracy",2,0.737129407051282
"2012-01-01 00:00:00","2013-05-02 00:00:00","2013-07-01 00:00:00","2014-01-01 00:00:00","sklearn.ensemble.GradientBoostingClassifier","{""max_depth"": 3, ""n_estimators"": 200, ""min_samples_split"": 2}","precision",2,0.5263157894736842
"2012-01-01 00:00:00","2013-05-02 00:00:00","2013-07-01 00:00:00","2014-01-01 00:00:00","sklearn.ensemble.GradientBoostingClassifier","{""max_depth"": 3, ""n_estimators"": 200, ""min_samples_split"": 2}","recall",2,0.03984819734345351
"2012-01-01 00:00:00","2013-05-02 00:00:00","2013-07-01 00:00:00","2014-01-01 00:00:00","sklearn.ensemble.GradientBoostingClassifier","{""max_depth"": 3, ""n_estimators"": 200, ""min_samples_split"": 2}","f1",2,0.07408714058916917
"2012-01-01 00:00:00","2013-05-02 00:00:00","2013-07-01 00:00:00","2014-01-01 00:00:00","sklearn.ensemble.GradientBoostingClassifier","{""max_depth"": 3, ""n_estimators"": 200, ""min_samples_split"": 2}","roc_auc",2,0.6966678914091502
"2012-01-01 00:00:00","2013-05-02 00:00:00","2013-07-01 00:00:00","2014-01-01 00:00:00","sklearn.ensemble.GradientBoostingClassifier","{""max_depth"": 3, ""n_estimators"": 200, ""min_samples_split"": 2}","accuracy",5,0.7386818910256411
"2012-01-01 00:00:00","2013-05-02 00:00:00","2013-07-01 00:00:00","2014-01-01 00:00:00","sklearn.ensemble.GradientBoostingClassifier","{""max_depth"": 3, ""n_estimators"": 200, ""min_samples_split"": 2}","precision",5,0.5260521042084169
"2012-01-01 00:00:00","2013-05-02 00:00:00","2013-07-01 00:00:00","2014-01-01 00:00:00","sklearn.ensemble.GradientBoostingClassifier","{""max_depth"": 3, ""n_estimators"": 200, ""min_samples_split"": 2}","recall",5,0.09962049335863378
"2012-01-01 00:00:00","2013-05-02 00:00:00","2013-07-01 00:00:00","2014-01-01 00:00:00","sklearn.ensemble.GradientBoostingClassifier","{""max_depth"": 3, ""n_estimators"": 200, ""min_samples_split"": 2}","f1",5,0.16751754945756223
"2012-01-01 00:00:00","2013-05-02 00:00:00","2013-07-01 00:00:00","2014-01-01 00:00:00","sklearn.ensemble.GradientBoostingClassifier","{""max_depth"": 3, ""n_estimators"": 200, ""min_samples_split"": 2}","roc_auc",5,0.6966678914091502
"2012-01-01 00:00:00","2013-05-02 00:00:00","2013-07-01 00:00:00","2014-01-01 00:00:00","sklearn.ensemble.GradientBoostingClassifier","{""max_depth"": 3, ""n_estimators"": 200, ""min_samples_split"": 2}","accuracy",10,0.7334735576923077
"2012-01-01 00:00:00","2013-05-02 00:00:00","2013-07-01 00:00:00","2014-01-01 00:00:00","sklearn.ensemble.GradientBoostingClassifier","{""max_depth"": 3, ""n_estimators"": 200, ""min_samples_split"": 2}","precision",10,0.48697394789579157
"2012-01-01 00:00:00","2013-05-02 00:00:00","2013-07-01 00:00:00","2014-01-01 00:00:00","sklearn.ensemble.GradientBoostingClassifier","{""max_depth"": 3, ""n_estimators"": 200, ""min_samples_split"": 2}","recall",10,0.18444022770398483
"2012-01-01 00:00:00","2013-05-02 00:00:00","2013-07-01 00:00:00","2014-01-01 00:00:00","sklearn.ensemble.GradientBoostingClassifier","{""max_depth"": 3, ""n_estimators"": 200, ""min_samples_split"": 2}","f1",10,0.26754748142031376
"2012-01-01 00:00:00","2013-05-02 00:00:00","2013-07-01 00:00:00","2014-01-01 00:00:00","sklearn.ensemble.GradientBoostingClassifier","{""max_depth"": 3, ""n_estimators"": 200, ""min_samples_split"": 2}","roc_auc",10,0.6966678914091502
"2012-01-01 00:00:00","2013-05-02 00:00:00","2013-07-01 00:00:00","2014-01-01 00:00:00","sklearn.ensemble.GradientBoostingClassifier","{""max_depth"": 3, ""n_estimators"": 200, ""min_samples_split"": 2}","accuracy",20,0.7176983173076923
"2012-01-01 00:00:00","2013-05-02 00:00:00","2013-07-01 00:00:00","2014-01-01 00:00:00","sklearn.ensemble.GradientBoostingClassifier","{""max_depth"": 3, ""n_estimators"": 200, ""min_samples_split"": 2}","precision",20,0.45404457801152015
"2012-01-01 00:00:00","2013-05-02 00:00:00","2013-07-01 00:00:00","2014-01-01 00:00:00","sklearn.ensemble.GradientBoostingClassifier","{""max_depth"": 3, ""n_estimators"": 200, ""min_samples_split"": 2}","recall",20,0.34402277039848195
"2012-01-01 00:00:00","2013-05-02 00:00:00","2013-07-01 00:00:00","2014-01-01 00:00:00","sklearn.ensemble.GradientBoostingClassifier","{""max_depth"": 3, ""n_estimators"": 200, ""min_samples_split"": 2}","f1",20,0.3914498542588794
"2012-01-01 00:00:00","2013-05-02 00:00:00","2013-07-01 00:00:00","2014-01-01 00:00:00","sklearn.ensemble.GradientBoostingClassifier","{""max_depth"": 3, ""n_estimators"": 200, ""min_samples_split"": 2}","roc_auc",20,0.6966678914091502
"2012-01-01 00:00:00","2013-05-02 00:00:00","2013-07-01 00:00:00","2014-01-01 00:00:00","sklearn.ensemble.GradientBoostingClassifier","{""max_depth"": 3, ""n_estimators"": 200, ""min_samples_split"": 2}","accuracy",30,0.6884014423076923
"2012-01-01 00:00:00","2013-05-02 00:00:00","2013-07-01 00:00:00","2014-01-01 00:00:00","sklearn.ensemble.GradientBoostingClassifier","{""max_depth"": 3, ""n_estimators"": 200, ""min_samples_split"": 2}","precision",30,0.42053422370617694
"2012-01-01 00:00:00","2013-05-02 00:00:00","2013-07-01 00:00:00","2014-01-01 00:00:00","sklearn.ensemble.GradientBoostingClassifier","{""max_depth"": 3, ""n_estimators"": 200, ""min_samples_split"": 2}","recall",30,0.477988614800759
"2012-01-01 00:00:00","2013-05-02 00:00:00","2013-07-01 00:00:00","2014-01-01 00:00:00","sklearn.ensemble.GradientBoostingClassifier","{""max_depth"": 3, ""n_estimators"": 200, ""min_samples_split"": 2}","f1",30,0.44742451154529306
"2012-01-01 00:00:00","2013-05-02 00:00:00","2013-07-01 00:00:00","2014-01-01 00:00:00","sklearn.ensemble.GradientBoostingClassifier","{""max_depth"": 3, ""n_estimators"": 200, ""min_samples_split"": 2}","roc_auc",30,0.6966678914091502
"2012-01-01 00:00:00","2013-05-02 00:00:00","2013-07-01 00:00:00","2014-01-01 00:00:00","sklearn.ensemble.GradientBoostingClassifier","{""max_depth"": 3, ""n_estimators"": 200, ""min_samples_split"": 2}","accuracy",50,0.6139823717948718
"2012-01-01 00:00:00","2013-05-02 00:00:00","2013-07-01 00:00:00","2014-01-01 00:00:00","sklearn.ensemble.GradientBoostingClassifier","{""max_depth"": 3, ""n_estimators"": 200, ""min_samples_split"": 2}","precision",50,0.3779046474358974
"2012-01-01 00:00:00","2013-05-02 00:00:00","2013-07-01 00:00:00","2014-01-01 00:00:00","sklearn.ensemble.GradientBoostingClassifier","{""max_depth"": 3, ""n_estimators"": 200, ""min_samples_split"": 2}","recall",50,0.7159392789373814
"2012-01-01 00:00:00","2013-05-02 00:00:00","2013-07-01 00:00:00","2014-01-01 00:00:00","sklearn.ensemble.GradientBoostingClassifier","{""max_depth"": 3, ""n_estimators"": 200, ""min_samples_split"": 2}","f1",50,0.49468991739871504
"2012-01-01 00:00:00","2013-05-02 00:00:00","2013-07-01 00:00:00","2014-01-01 00:00:00","sklearn.ensemble.GradientBoostingClassifier","{""max_depth"": 3, ""n_estimators"": 200, ""min_samples_split"": 2}","roc_auc",50,0.6966678914091502
"2012-01-01 00:00:00","2013-05-02 00:00:00","2013-07-01 00:00:00","2014-01-01 00:00:00","sklearn.ensemble.GradientBoostingClassifier","{""max_depth"": 3, ""n_estimators"": 100, ""min_samples_split"": 5}","accuracy",1,0.7372295673076923
"2012-01-01 00:00:00","2013-05-02 00:00:00","2013-07-01 00:00:00","2014-01-01 00:00:00","sklearn.ensemble.GradientBoostingClassifier","{""max_depth"": 3, ""n_estimators"": 100, ""min_samples_split"": 5}","precision",1,0.5577889447236181
"2012-01-01 00:00:00","2013-05-02 00:00:00","2013-07-01 00:00:00","2014-01-01 00:00:00","sklearn.ensemble.GradientBoostingClassifier","{""max_depth"": 3, ""n_estimators"": 100, ""min_samples_split"": 5}","recall",1,0.021062618595825425
"2012-01-01 00:00:00","2013-05-02 00:00:00","2013-07-01 00:00:00","2014-01-01 00:00:00","sklearn.ensemble.GradientBoostingClassifier","{""max_depth"": 3, ""n_estimators"": 100, ""min_samples_split"": 5}","f1",1,0.04059243006034009
"2012-01-01 00:00:00","2013-05-02 00:00:00","2013-07-01 00:00:00","2014-01-01 00:00:00","sklearn.ensemble.GradientBoostingClassifier","{""max_depth"": 3, ""n_estimators"": 100, ""min_samples_split"": 5}","roc_auc",1,0.6953011201100563
"2012-01-01 00:00:00","2013-05-02 00:00:00","2013-07-01 00:00:00","2014-01-01 00:00:00","sklearn.ensemble.GradientBoostingClassifier","{""max_depth"": 3, ""n_estimators"": 100, ""min_samples_split"": 5}","accuracy",2,0.7362279647435898
"2012-01-01 00:00:00","2013-05-02 00:00:00","2013-07-01 00:00:00","2014-01-01 00:00:00","sklearn.ensemble.GradientBoostingClassifier","{""max_depth"": 3, ""n_estimators"": 100, ""min_samples_split"": 5}","precision",2,0.5037593984962406
"2012-01-01 00:00:00","2013-05-02 00:00:00","2013-07-01 00:00:00","2014-01-01 00:00:00","sklearn.ensemble.GradientBoostingClassifier","{""max_depth"": 3, ""n_estimators"": 100, ""min_samples_split"": 5}","recall",2,0.0381404174573055
"2012-01-01 00:00:00","2013-05-02 00:00:00","2013-07-01 00:00:00","2014-01-01 00:00:00","sklearn.ensemble.GradientBoostingClassifier","{""max_depth"": 3, ""n_estimators"": 100, ""min_samples_split"": 5}","f1",2,0.07091197742106192
"2012-01-01 00:00:00","2013-05-02 00:00:00","2013-07-01 00:00:00","2014-01-01 00:00:00","sklearn.ensemble.GradientBoostingClassifier","{""max_depth"": 3, ""n_estimators"": 100, ""min_samples_split"": 5}","roc_auc",2,0.6953011201100563
"2012-01-01 00:00:00","2013-05-02 00:00:00","2013-07-01 00:00:00","2014-01-01 00:00:00","sklearn.ensemble.GradientBoostingClassifier","{""max_depth"": 3, ""n_estimators"": 100, ""min_samples_split"": 5}","accuracy",5,0.7368790064102564
"2012-01-01 00:00:00","2013-05-02 00:00:00","2013-07-01 00:00:00","2014-01-01 00:00:00","sklearn.ensemble.GradientBoostingClassifier","{""max_depth"": 3, ""n_estimators"": 100, ""min_samples_split"": 5}","precision",5,0.5080160320641283
"2012-01-01 00:00:00","2013-05-02 00:00:00","2013-07-01 00:00:00","2014-01-01 00:00:00","sklearn.ensemble.GradientBoostingClassifier","{""max_depth"": 3, ""n_estimators"": 100, ""min_samples_split"": 5}","recall",5,0.09620493358633776
"2012-01-01 00:00:00","2013-05-02 00:00:00","2013-07-01 00:00:00","2014-01-01 00:00:00","sklearn.ensemble.GradientBoostingClassifier","{""max_depth"": 3, ""n_estimators"": 100, ""min_samples_split"": 5}","f1",5,0.16177409061901724
"2012-01-01 00:00:00","2013-05-02 00:00:00","2013-07-01 00:00:00","2014-01-01 00:00:00","sklearn.ensemble.GradientBoostingClassifier","{""max_depth"": 3, ""n_estimators"": 100, ""min_samples_split"": 5}","roc_auc",5,0.6953011201100563
"2012-01-01 00:00:00","2013-05-02 00:00:00","2013-07-01 00:00:00","2014-01-01 00:00:00","sklearn.ensemble.GradientBoostingClassifier","{""max_depth"": 3, ""n_estimators"": 100, ""min_samples_split"": 5}","accuracy",10,0.7317708333333334
"2012-01-01 00:00:00","2013-05-02 00:00:00","2013-07-01 00:00:00","2014-01-01 00:00:00","sklearn.ensemble.GradientBoostingClassifier","{""max_depth"": 3, ""n_estimators"": 100, ""min_samples_split"": 5}","precision",10,0.4784569138276553
"2012-01-01 00:00:00","2013-05-02 00:00:00","2013-07-01 00:00:00","2014-01-01 00:00:00","sklearn.ensemble.GradientBoostingClassifier","{""max_depth"": 3, ""n_estimators"": 100, ""min_samples_split"": 5}","recall",10,0.18121442125237192
"2012-01-01 00:00:00","2013-05-02 00:00:00","2013-07-01 00:00:00","2014-01-01 00:00:00","sklearn.ensemble.GradientBoostingClassifier","{""max_depth"": 3, ""n_estimators"": 100, ""min_samples_split"": 5}","f1",10,0.26286815304156347
"2012-01-01 00:00:00","2013-05-02 00:00:00","2013-07-01 00:00:00","2014-01-01 00:00:00","sklearn.ensemble.GradientBoostingClassifier","{""max_depth"": 3, ""n_estimators"": 100, ""min_samples_split"": 5}","roc_auc",10,0.6953011201100563
"2012-01-01 00:00:00","2013-05-02 00:00:00","2013-07-01 00:00:00","2014-01-01 00:00:00","sklearn.ensemble.GradientBoostingClassifier","{""max_depth"": 3, ""n_estimators"": 100, ""min_samples_split"": 5}","accuracy",20,0.7157952724358975
"2012-01-01 00:00:00","2013-05-02 00:00:00","2013-07-01 00:00:00","2014-01-01 00:00:00","sklearn.ensemble.GradientBoostingClassifier","{""max_depth"": 3, ""n_estimators"": 100, ""min_samples_split"": 5}","precision",20,0.4492862509391435
"2012-01-01 00:00:00","2013-05-02 00:00:00","2013-07-01 00:00:00","2014-01-01 00:00:00","sklearn.ensemble.GradientBoostingClassifier","{""max_depth"": 3, ""n_estimators"": 100, ""min_samples_split"": 5}","recall",20,0.3404174573055028
"2012-01-01 00:00:00","2013-05-02 00:00:00","2013-07-01 00:00:00","2014-01-01 00:00:00","sklearn.ensemble.GradientBoostingClassifier","{""max_depth"": 3, ""n_estimators"": 100, ""min_samples_split"": 5}","f1",20,0.38734751160531145
"2012-01-01 00:00:00","2013-05-02 00:00:00","2013-07-01 00:00:00","2014-01-01 00:00:00","sklearn.ensemble.GradientBoostingClassifier","{""max_depth"": 3, ""n_estimators"": 100, ""min_samples_split"": 5}","roc_auc",20,0.6953011201100563
"2012-01-01 00:00:00","2013-05-02 00:00:00","2013-07-01 00:00:00","2014-01-01 00:00:00","sklearn.ensemble.GradientBoostingClassifier","{""max_depth"": 3, ""n_estimators"": 100, ""min_samples_split"": 5}","accuracy",30,0.6871995192307693
"2012-01-01 00:00:00","2013-05-02 00:00:00","2013-07-01 00:00:00","2014-01-01 00:00:00","sklearn.ensemble.GradientBoostingClassifier","{""max_depth"": 3, ""n_estimators"": 100, ""min_samples_split"": 5}","precision",30,0.41853088480801337
"2012-01-01 00:00:00","2013-05-02 00:00:00","2013-07-01 00:00:00","2014-01-01 00:00:00","sklearn.ensemble.GradientBoostingClassifier","{""max_depth"": 3, ""n_estimators"": 100, ""min_samples_split"": 5}","recall",30,0.47571157495256167
"2012-01-01 00:00:00","2013-05-02 00:00:00","2013-07-01 00:00:00","2014-01-01 00:00:00","sklearn.ensemble.GradientBoostingClassifier","{""max_depth"": 3, ""n_estimators"": 100, ""min_samples_split"": 5}","f1",30,0.4452930728241563
"2012-01-01 00:00:00","2013-05-02 00:00:00","2013-07-01 00:00:00","2014-01-01 00:00:00","sklearn.ensemble.GradientBoostingClassifier","{""max_depth"": 3, ""n_estimators"": 100, ""min_samples_split"": 5}","roc_auc",30,0.6953011201100563
"2012-01-01 00:00:00","2013-05-02 00:00:00","2013-07-01 00:00:00","2014-01-01 00:00:00","sklearn.ensemble.GradientBoostingClassifier","{""max_depth"": 3, ""n_estimators"": 100, ""min_samples_split"": 5}","accuracy",50,0.6136818910256411
"2012-01-01 00:00:00","2013-05-02 00:00:00","2013-07-01 00:00:00","2014-01-01 00:00:00","sklearn.ensemble.GradientBoostingClassifier","{""max_depth"": 3, ""n_estimators"": 100, ""min_samples_split"": 5}","precision",50,0.3776041666666667
"2012-01-01 00:00:00","2013-05-02 00:00:00","2013-07-01 00:00:00","2014-01-01 00:00:00","sklearn.ensemble.GradientBoostingClassifier","{""max_depth"": 3, ""n_estimators"": 100, ""min_samples_split"": 5}","recall",50,0.715370018975332
"2012-01-01 00:00:00","2013-05-02 00:00:00","2013-07-01 00:00:00","2014-01-01 00:00:00","sklearn.ensemble.GradientBoostingClassifier","{""max_depth"": 3, ""n_estimators"": 100, ""min_samples_split"": 5}","f1",50,0.49429657794676807
"2012-01-01 00:00:00","2013-05-02 00:00:00","2013-07-01 00:00:00","2014-01-01 00:00:00","sklearn.ensemble.GradientBoostingClassifier","{""max_depth"": 3, ""n_estimators"": 100, ""min_samples_split"": 5}","roc_auc",50,0.6953011201100563
"2012-01-01 00:00:00","2013-05-02 00:00:00","2013-07-01 00:00:00","2014-01-01 00:00:00","sklearn.ensemble.GradientBoostingClassifier","{""max_depth"": 3, ""n_estimators"": 200, ""min_samples_split"": 5}","accuracy",1,0.7365284455128205
"2012-01-01 00:00:00","2013-05-02 00:00:00","2013-07-01 00:00:00","2014-01-01 00:00:00","sklearn.ensemble.GradientBoostingClassifier","{""max_depth"": 3, ""n_estimators"": 200, ""min_samples_split"": 5}","precision",1,0.5226130653266332
"2012-01-01 00:00:00","2013-05-02 00:00:00","2013-07-01 00:00:00","2014-01-01 00:00:00","sklearn.ensemble.GradientBoostingClassifier","{""max_depth"": 3, ""n_estimators"": 200, ""min_samples_split"": 5}","recall",1,0.019734345351043642
"2012-01-01 00:00:00","2013-05-02 00:00:00","2013-07-01 00:00:00","2014-01-01 00:00:00","sklearn.ensemble.GradientBoostingClassifier","{""max_depth"": 3, ""n_estimators"": 200, ""min_samples_split"": 5}","f1",1,0.03803254708356189
"2012-01-01 00:00:00","2013-05-02 00:00:00","2013-07-01 00:00:00","2014-01-01 00:00:00","sklearn.ensemble.GradientBoostingClassifier","{""max_depth"": 3, ""n_estimators"": 200, ""min_samples_split"": 5}","roc_auc",1,0.6969332400876547
"2012-01-01 00:00:00","2013-05-02 00:00:00","2013-07-01 00:00:00","2014-01-01 00:00:00","sklearn.ensemble.GradientBoostingClassifier","{""max_depth"": 3, ""n_estimators"": 200, ""min_samples_split"": 5}","accuracy",2,0.7369290865384616
"2012-01-01 00:00:00","2013-05-02 00:00:00","2013-07-01 00:00:00","2014-01-01 00:00:00","sklearn.ensemble.GradientBoostingClassifier","{""max_depth"": 3, ""n_estimators"": 200, ""min_samples_split"": 5}","precision",2,0.5213032581453634
"2012-01-01 00:00:00","2013-05-02 00:00:00","2013-07-01 00:00:00","2014-01-01 00:00:00","sklearn.ensemble.GradientBoostingClassifier","{""max_depth"": 3, ""n_estimators"": 200, ""min_samples_split"": 5}","recall",2,0.039468690702087285
"2012-01-01 00:00:00","2013-05-02 00:00:00","2013-07-01 00:00:00","2014-01-01 00:00:00","sklearn.ensemble.GradientBoostingClassifier","{""max_depth"": 3, ""n_estimators"": 200, ""min_samples_split"": 5}","f1",2,0.07338154877403422
"2012-01-01 00:00:00","2013-05-02 00:00:00","2013-07-01 00:00:00","2014-01-01 00:00:00","sklearn.ensemble.GradientBoostingClassifier","{""max_depth"": 3, ""n_estimators"": 200, ""min_samples_split"": 5}","roc_auc",2,0.6969332400876547
"2012-01-01 00:00:00","2013-05-02 00:00:00","2013-07-01 00:00:00","2014-01-01 00:00:00","sklearn.ensemble.GradientBoostingClassifier","{""max_depth"": 3, ""n_estimators"": 200, ""min_samples_split"": 5}","accuracy",5,0.7386818910256411
"2012-01-01 00:00:00","2013-05-02 00:00:00","2013-07-01 00:00:00","2014-01-01 00:00:00","sklearn.ensemble.GradientBoostingClassifier","{""max_depth"": 3, ""n_estimators"": 200, ""min_samples_split"": 5}","precision",5,0.5260521042084169
"2012-01-01 00:00:00","2013-05-02 00:00:00","2013-07-01 00:00:00","2014-01-01 00:00:00","sklearn.ensemble.GradientBoostingClassifier","{""max_depth"": 3, ""n_estimators"": 200, ""min_samples_split"": 5}","recall",5,0.09962049335863378
"2012-01-01 00:00:00","2013-05-02 00:00:00","2013-07-01 00:00:00","2014-01-01 00:00:00","sklearn.ensemble.GradientBoostingClassifier","{""max_depth"": 3, ""n_estimators"": 200, ""min_samples_split"": 5}","f1",5,0.16751754945756223
"2012-01-01 00:00:00","2013-05-02 00:00:00","2013-07-01 00:00:00","2014-01-01 00:00:00","sklearn.ensemble.GradientBoostingClassifier","{""max_depth"": 3, ""n_estimators"": 200, ""min_samples_split"": 5}","roc_auc",5,0.6969332400876547
"2012-01-01 00:00:00","2013-05-02 00:00:00","2013-07-01 00:00:00","2014-01-01 00:00:00","sklearn.ensemble.GradientBoostingClassifier","{""max_depth"": 3, ""n_estimators"": 200, ""min_samples_split"": 5}","accuracy",10,0.7329727564102564
"2012-01-01 00:00:00","2013-05-02 00:00:00","2013-07-01 00:00:00","2014-01-01 00:00:00","sklearn.ensemble.GradientBoostingClassifier","{""max_depth"": 3, ""n_estimators"": 200, ""min_samples_split"": 5}","precision",10,0.4844689378757515
"2012-01-01 00:00:00","2013-05-02 00:00:00","2013-07-01 00:00:00","2014-01-01 00:00:00","sklearn.ensemble.GradientBoostingClassifier","{""max_depth"": 3, ""n_estimators"": 200, ""min_samples_split"": 5}","recall",10,0.18349146110056927
"2012-01-01 00:00:00","2013-05-02 00:00:00","2013-07-01 00:00:00","2014-01-01 00:00:00","sklearn.ensemble.GradientBoostingClassifier","{""max_depth"": 3, ""n_estimators"": 200, ""min_samples_split"": 5}","f1",10,0.26617120836774016
"2012-01-01 00:00:00","2013-05-02 00:00:00","2013-07-01 00:00:00","2014-01-01 00:00:00","sklearn.ensemble.GradientBoostingClassifier","{""max_depth"": 3, ""n_estimators"": 200, ""min_samples_split"": 5}","roc_auc",10,0.6969332400876547
"2012-01-01 00:00:00","2013-05-02 00:00:00","2013-07-01 00:00:00","2014-01-01 00:00:00","sklearn.ensemble.GradientBoostingClassifier","{""max_depth"": 3, ""n_estimators"": 200, ""min_samples_split"": 5}","accuracy",20,0.7170973557692307
"2012-01-01 00:00:00","2013-05-02 00:00:00","2013-07-01 00:00:00","2014-01-01 00:00:00","sklearn.ensemble.GradientBoostingClassifier","{""max_depth"": 3, ""n_estimators"": 200, ""min_samples_split"": 5}","precision",20,0.452541948409717
"2012-01-01 00:00:00","2013-05-02 00:00:00","2013-07-01 00:00:00","2014-01-01 00:00:00","sklearn.ensemble.GradientBoostingClassifier","{""max_depth"": 3, ""n_estimators"": 200, ""min_samples_split"": 5}","recall",20,0.3428842504743833
"2012-01-01 00:00:00","2013-05-02 00:00:00","2013-07-01 00:00:00","2014-01-01 00:00:00","sklearn.ensemble.GradientBoostingClassifier","{""max_depth"": 3, ""n_estimators"": 200, ""min_samples_split"": 5}","f1",20,0.3901543776314369
"2012-01-01 00:00:00","2013-05-02 00:00:00","2013-07-01 00:00:00","2014-01-01 00:00:00","sklearn.ensemble.GradientBoostingClassifier","{""max_depth"": 3, ""n_estimators"": 200, ""min_samples_split"": 5}","roc_auc",20,0.6969332400876547
"2012-01-01 00:00:00","2013-05-02 00:00:00","2013-07-01 00:00:00","2014-01-01 00:00:00","sklearn.ensemble.GradientBoostingClassifier","{""max_depth"": 3, ""n_estimators"": 200, ""min_samples_split"": 5}","accuracy",30,0.6893028846153846
"2012-01-01 00:00:00","2013-05-02 00:00:00","2013-07-01 00:00:00","2014-01-01 00:00:00","sklearn.ensemble.GradientBoostingClassifier","{""max_depth"": 3, ""n_estimators"": 200, ""min_samples_split"": 5}","precision",30,0.4220367278797997
"2012-01-01 00:00:00","2013-05-02 00:00:00","2013-07-01 00:00:00","2014-01-01 00:00:00","sklearn.ensemble.GradientBoostingClassifier","{""max_depth"": 3, ""n_estimators"": 200, ""min_samples_split"": 5}","recall",30,0.479696394686907
"2012-01-01 00:00:00","2013-05-02 00:00:00","2013-07-01 00:00:00","2014-01-01 00:00:00","sklearn.ensemble.GradientBoostingClassifier","{""max_depth"": 3, ""n_estimators"": 200, ""min_samples_split"": 5}","f1",30,0.44902309058614565
"2012-01-01 00:00:00","2013-05-02 00:00:00","2013-07-01 00:00:00","2014-01-01 00:00:00","sklearn.ensemble.GradientBoostingClassifier","{""max_depth"": 3, ""n_estimators"": 200, ""min_samples_split"": 5}","roc_auc",30,0.6969332400876547
"2012-01-01 00:00:00","2013-05-02 00:00:00","2013-07-01 00:00:00","2014-01-01 00:00:00","sklearn.ensemble.GradientBoostingClassifier","{""max_depth"": 3, ""n_estimators"": 200, ""min_samples_split"": 5}","accuracy",50,0.6160857371794872
"2012-01-01 00:00:00","2013-05-02 00:00:00","2013-07-01 00:00:00","2014-01-01 00:00:00","sklearn.ensemble.GradientBoostingClassifier","{""max_depth"": 3, ""n_estimators"": 200, ""min_samples_split"": 5}","precision",50,0.38000801282051283
"2012-01-01 00:00:00","2013-05-02 00:00:00","2013-07-01 00:00:00","2014-01-01 00:00:00","sklearn.ensemble.GradientBoostingClassifier","{""max_depth"": 3, ""n_estimators"": 200, ""min_samples_split"": 5}","recall",50,0.7199240986717268
"2012-01-01 00:00:00","2013-05-02 00:00:00","2013-07-01 00:00:00","2014-01-01 00:00:00","sklearn.ensemble.GradientBoostingClassifier","{""max_depth"": 3, ""n_estimators"": 200, ""min_samples_split"": 5}","f1",50,0.4974432935623443
"2012-01-01 00:00:00","2013-05-02 00:00:00","2013-07-01 00:00:00","2014-01-01 00:00:00","sklearn.ensemble.GradientBoostingClassifier","{""max_depth"": 3, ""n_estimators"": 200, ""min_samples_split"": 5}","roc_auc",50,0.6969332400876547
"2012-01-01 00:00:00","2013-05-02 00:00:00","2013-07-01 00:00:00","2014-01-01 00:00:00","sklearn.ensemble.GradientBoostingClassifier","{""max_depth"": 6, ""n_estimators"": 100, ""min_samples_split"": 2}","accuracy",1,0.7358273237179487
"2012-01-01 00:00:00","2013-05-02 00:00:00","2013-07-01 00:00:00","2014-01-01 00:00:00","sklearn.ensemble.GradientBoostingClassifier","{""max_depth"": 6, ""n_estimators"": 100, ""min_samples_split"": 2}","precision",1,0.48743718592964824
"2012-01-01 00:00:00","2013-05-02 00:00:00","2013-07-01 00:00:00","2014-01-01 00:00:00","sklearn.ensemble.GradientBoostingClassifier","{""max_depth"": 6, ""n_estimators"": 100, ""min_samples_split"": 2}","recall",1,0.01840607210626186
"2012-01-01 00:00:00","2013-05-02 00:00:00","2013-07-01 00:00:00","2014-01-01 00:00:00","sklearn.ensemble.GradientBoostingClassifier","{""max_depth"": 6, ""n_estimators"": 100, ""min_samples_split"": 2}","f1",1,0.03547266410678369
"2012-01-01 00:00:00","2013-05-02 00:00:00","2013-07-01 00:00:00","2014-01-01 00:00:00","sklearn.ensemble.GradientBoostingClassifier","{""max_depth"": 6, ""n_estimators"": 100, ""min_samples_split"": 2}","roc_auc",1,0.6946230986260248
"2012-01-01 00:00:00","2013-05-02 00:00:00","2013-07-01 00:00:00","2014-01-01 00:00:00","sklearn.ensemble.GradientBoostingClassifier","{""max_depth"": 6, ""n_estimators"": 100, ""min_samples_split"": 2}","accuracy",2,0.7351262019230769
"2012-01-01 00:00:00","2013-05-02 00:00:00","2013-07-01 00:00:00","2014-01-01 00:00:00","sklearn.ensemble.GradientBoostingClassifier","{""max_depth"": 6, ""n_estimators"": 100, ""min_samples_split"": 2}","precision",2,0.47619047619047616
"2012-01-01 00:00:00","2013-05-02 00:00:00","2013-07-01 00:00:00","2014-01-01 00:00:00","sklearn.ensemble.GradientBoostingClassifier","{""max_depth"": 6, ""n_estimators"": 100, ""min_samples_split"": 2}","recall",2,0.036053130929791274
"2012-01-01 00:00:00","2013-05-02 00:00:00","2013-07-01 00:00:00","2014-01-01 00:00:00","sklearn.ensemble.GradientBoostingClassifier","{""max_depth"": 6, ""n_estimators"": 100, ""min_samples_split"": 2}","f1",2,0.06703122243781974
"2012-01-01 00:00:00","2013-05-02 00:00:00","2013-07-01 00:00:00","2014-01-01 00:00:00","sklearn.ensemble.GradientBoostingClassifier","{""max_depth"": 6, ""n_estimators"": 100, ""min_samples_split"": 2}","roc_auc",2,0.6946230986260248
"2012-01-01 00:00:00","2013-05-02 00:00:00","2013-07-01 00:00:00","2014-01-01 00:00:00","sklearn.ensemble.GradientBoostingClassifier","{""max_depth"": 6, ""n_estimators"": 100, ""min_samples_split"": 2}","accuracy",5,0.7345753205128205
"2012-01-01 00:00:00","2013-05-02 00:00:00","2013-07-01 00:00:00","2014-01-01 00:00:00","sklearn.ensemble.GradientBoostingClassifier","{""max_depth"": 6, ""n_estimators"": 100, ""min_samples_split"": 2}","precision",5,0.4849699398797595
"2012-01-01 00:00:00","2013-05-02 00:00:00","2013-07-01 00:00:00","2014-01-01 00:00:00","sklearn.ensemble.GradientBoostingClassifier","{""max_depth"": 6, ""n_estimators"": 100, ""min_samples_split"": 2}","recall",5,0.09184060721062619
"2012-01-01 00:00:00","2013-05-02 00:00:00","2013-07-01 00:00:00","2014-01-01 00:00:00","sklearn.ensemble.GradientBoostingClassifier","{""max_depth"": 6, ""n_estimators"": 100, ""min_samples_split"": 2}","f1",5,0.15443522654754308
"2012-01-01 00:00:00","2013-05-02 00:00:00","2013-07-01 00:00:00","2014-01-01 00:00:00","sklearn.ensemble.GradientBoostingClassifier","{""max_depth"": 6, ""n_estimators"": 100, ""min_samples_split"": 2}","roc_auc",5,0.6946230986260248
"2012-01-01 00:00:00","2013-05-02 00:00:00","2013-07-01 00:00:00","2014-01-01 00:00:00","sklearn.ensemble.GradientBoostingClassifier","{""max_depth"": 6, ""n_estimators"": 100, ""min_samples_split"": 2}","accuracy",10,0.7338741987179487
"2012-01-01 00:00:00","2013-05-02 00:00:00","2013-07-01 00:00:00","2014-01-01 00:00:00","sklearn.ensemble.GradientBoostingClassifier","{""max_depth"": 6, ""n_estimators"": 100, ""min_samples_split"": 2}","precision",10,0.48897795591182364
"2012-01-01 00:00:00","2013-05-02 00:00:00","2013-07-01 00:00:00","2014-01-01 00:00:00","sklearn.ensemble.GradientBoostingClassifier","{""max_depth"": 6, ""n_estimators"": 100, ""min_samples_split"": 2}","recall",10,0.18519924098671728
"2012-01-01 00:00:00","2013-05-02 00:00:00","2013-07-01 00:00:00","2014-01-01 00:00:00","sklearn.ensemble.GradientBoostingClassifier","{""max_depth"": 6, ""n_estimators"": 100, ""min_samples_split"": 2}","f1",10,0.26864849986237266
"2012-01-01 00:00:00","2013-05-02 00:00:00","2013-07-01 00:00:00","2014-01-01 00:00:00","sklearn.ensemble.GradientBoostingClassifier","{""max_depth"": 6, ""n_estimators"": 100, ""min_samples_split"": 2}","roc_auc",10,0.6946230986260248
"2012-01-01 00:00:00","2013-05-02 00:00:00","2013-07-01 00:00:00","2014-01-01 00:00:00","sklearn.ensemble.GradientBoostingClassifier","{""max_depth"": 6, ""n_estimators"": 100, ""min_samples_split"": 2}","accuracy",20,0.7148938301282052
"2012-01-01 00:00:00","2013-05-02 00:00:00","2013-07-01 00:00:00","2014-01-01 00:00:00","sklearn.ensemble.GradientBoostingClassifier","{""max_depth"": 6, ""n_estimators"": 100, ""min_samples_split"": 2}","precision",20,0.4470323065364388
"2012-01-01 00:00:00","2013-05-02 00:00:00","2013-07-01 00:00:00","2014-01-01 00:00:00","sklearn.ensemble.GradientBoostingClassifier","{""max_depth"": 6, ""n_estimators"": 100, ""min_samples_split"": 2}","recall",20,0.3387096774193548
"2012-01-01 00:00:00","2013-05-02 00:00:00","2013-07-01 00:00:00","2014-01-01 00:00:00","sklearn.ensemble.GradientBoostingClassifier","{""max_depth"": 6, ""n_estimators"": 100, ""min_samples_split"": 2}","f1",20,0.3854042966641477
"2012-01-01 00:00:00","2013-05-02 00:00:00","2013-07-01 00:00:00","2014-01-01 00:00:00","sklearn.ensemble.GradientBoostingClassifier","{""max_depth"": 6, ""n_estimators"": 100, ""min_samples_split"": 2}","roc_auc",20,0.6946230986260248
"2012-01-01 00:00:00","2013-05-02 00:00:00","2013-07-01 00:00:00","2014-01-01 00:00:00","sklearn.ensemble.GradientBoostingClassifier","{""max_depth"": 6, ""n_estimators"": 100, ""min_samples_split"": 2}","accuracy",30,0.6875
"2012-01-01 00:00:00","2013-05-02 00:00:00","2013-07-01 00:00:00","2014-01-01 00:00:00","sklearn.ensemble.GradientBoostingClassifier","{""max_depth"": 6, ""n_estimators"": 100, ""min_samples_split"": 2}","precision",30,0.41903171953255425
"2012-01-01 00:00:00","2013-05-02 00:00:00","2013-07-01 00:00:00","2014-01-01 00:00:00","sklearn.ensemble.GradientBoostingClassifier","{""max_depth"": 6, ""n_estimators"": 100, ""min_samples_split"": 2}","recall",30,0.476280834914611
"2012-01-01 00:00:00","2013-05-02 00:00:00","2013-07-01 00:00:00","2014-01-01 00:00:00","sklearn.ensemble.GradientBoostingClassifier","{""max_depth"": 6, ""n_estimators"": 100, ""min_samples_split"": 2}","f1",30,0.4458259325044405
"2012-01-01 00:00:00","2013-05-02 00:00:00","2013-07-01 00:00:00","2014-01-01 00:00:00","sklearn.ensemble.GradientBoostingClassifier","{""max_depth"": 6, ""n_estimators"": 100, ""min_samples_split"": 2}","roc_auc",30,0.6946230986260248
"2012-01-01 00:00:00","2013-05-02 00:00:00","2013-07-01 00:00:00","2014-01-01 00:00:00","sklearn.ensemble.GradientBoostingClassifier","{""max_depth"": 6, ""n_estimators"": 100, ""min_samples_split"": 2}","accuracy",50,0.6120793269230769
"2012-01-01 00:00:00","2013-05-02 00:00:00","2013-07-01 00:00:00","2014-01-01 00:00:00","sklearn.ensemble.GradientBoostingClassifier","{""max_depth"": 6, ""n_estimators"": 100, ""min_samples_split"": 2}","precision",50,0.3760016025641026
"2012-01-01 00:00:00","2013-05-02 00:00:00","2013-07-01 00:00:00","2014-01-01 00:00:00","sklearn.ensemble.GradientBoostingClassifier","{""max_depth"": 6, ""n_estimators"": 100, ""min_samples_split"": 2}","recall",50,0.7123339658444022
"2012-01-01 00:00:00","2013-05-02 00:00:00","2013-07-01 00:00:00","2014-01-01 00:00:00","sklearn.ensemble.GradientBoostingClassifier","{""max_depth"": 6, ""n_estimators"": 100, ""min_samples_split"": 2}","f1",50,0.492198767536384
"2012-01-01 00:00:00","2013-05-02 00:00:00","2013-07-01 00:00:00","2014-01-01 00:00:00","sklearn.ensemble.GradientBoostingClassifier","{""max_depth"": 6, ""n_estimators"": 100, ""min_samples_split"": 2}","roc_auc",50,0.6946230986260248
"2012-01-01 00:00:00","2013-05-02 00:00:00","2013-07-01 00:00:00","2014-01-01 00:00:00","sklearn.ensemble.GradientBoostingClassifier","{""max_depth"": 6, ""n_estimators"": 200, ""min_samples_split"": 2}","accuracy",1,0.7360276442307693
"2012-01-01 00:00:00","2013-05-02 00:00:00","2013-07-01 00:00:00","2014-01-01 00:00:00","sklearn.ensemble.GradientBoostingClassifier","{""max_depth"": 6, ""n_estimators"": 200, ""min_samples_split"": 2}","precision",1,0.49748743718592964
"2012-01-01 00:00:00","2013-05-02 00:00:00","2013-07-01 00:00:00","2014-01-01 00:00:00","sklearn.ensemble.GradientBoostingClassifier","{""max_depth"": 6, ""n_estimators"": 200, ""min_samples_split"": 2}","recall",1,0.018785578747628085
"2012-01-01 00:00:00","2013-05-02 00:00:00","2013-07-01 00:00:00","2014-01-01 00:00:00","sklearn.ensemble.GradientBoostingClassifier","{""max_depth"": 6, ""n_estimators"": 200, ""min_samples_split"": 2}","f1",1,0.03620405924300604
"2012-01-01 00:00:00","2013-05-02 00:00:00","2013-07-01 00:00:00","2014-01-01 00:00:00","sklearn.ensemble.GradientBoostingClassifier","{""max_depth"": 6, ""n_estimators"": 200, ""min_samples_split"": 2}","roc_auc",1,0.6969707505158249
"2012-01-01 00:00:00","2013-05-02 00:00:00","2013-07-01 00:00:00","2014-01-01 00:00:00","sklearn.ensemble.GradientBoostingClassifier","{""max_depth"": 6, ""n_estimators"": 200, ""min_samples_split"": 2}","accuracy",2,0.7358273237179487
"2012-01-01 00:00:00","2013-05-02 00:00:00","2013-07-01 00:00:00","2014-01-01 00:00:00","sklearn.ensemble.GradientBoostingClassifier","{""max_depth"": 6, ""n_estimators"": 200, ""min_samples_split"": 2}","precision",2,0.49373433583959897
"2012-01-01 00:00:00","2013-05-02 00:00:00","2013-07-01 00:00:00","2014-01-01 00:00:00","sklearn.ensemble.GradientBoostingClassifier","{""max_depth"": 6, ""n_estimators"": 200, ""min_samples_split"": 2}","recall",2,0.03738140417457306
"2012-01-01 00:00:00","2013-05-02 00:00:00","2013-07-01 00:00:00","2014-01-01 00:00:00","sklearn.ensemble.GradientBoostingClassifier","{""max_depth"": 6, ""n_estimators"": 200, ""min_samples_split"": 2}","f1",2,0.06950079379079202
"2012-01-01 00:00:00","2013-05-02 00:00:00","2013-07-01 00:00:00","2014-01-01 00:00:00","sklearn.ensemble.GradientBoostingClassifier","{""max_depth"": 6, ""n_estimators"": 200, ""min_samples_split"": 2}","roc_auc",2,0.6969707505158249
"2012-01-01 00:00:00","2013-05-02 00:00:00","2013-07-01 00:00:00","2014-01-01 00:00:00","sklearn.ensemble.GradientBoostingClassifier","{""max_depth"": 6, ""n_estimators"": 200, ""min_samples_split"": 2}","accuracy",5,0.7352764423076923
"2012-01-01 00:00:00","2013-05-02 00:00:00","2013-07-01 00:00:00","2014-01-01 00:00:00","sklearn.ensemble.GradientBoostingClassifier","{""max_depth"": 6, ""n_estimators"": 200, ""min_samples_split"": 2}","precision",5,0.49198396793587174
"2012-01-01 00:00:00","2013-05-02 00:00:00","2013-07-01 00:00:00","2014-01-01 00:00:00","sklearn.ensemble.GradientBoostingClassifier","{""max_depth"": 6, ""n_estimators"": 200, ""min_samples_split"": 2}","recall",5,0.09316888045540797
"2012-01-01 00:00:00","2013-05-02 00:00:00","2013-07-01 00:00:00","2014-01-01 00:00:00","sklearn.ensemble.GradientBoostingClassifier","{""max_depth"": 6, ""n_estimators"": 200, ""min_samples_split"": 2}","f1",5,0.1566687938736439
"2012-01-01 00:00:00","2013-05-02 00:00:00","2013-07-01 00:00:00","2014-01-01 00:00:00","sklearn.ensemble.GradientBoostingClassifier","{""max_depth"": 6, ""n_estimators"": 200, ""min_samples_split"": 2}","roc_auc",5,0.6969707505158249
"2012-01-01 00:00:00","2013-05-02 00:00:00","2013-07-01 00:00:00","2014-01-01 00:00:00","sklearn.ensemble.GradientBoostingClassifier","{""max_depth"": 6, ""n_estimators"": 200, ""min_samples_split"": 2}","accuracy",10,0.7321714743589743
"2012-01-01 00:00:00","2013-05-02 00:00:00","2013-07-01 00:00:00","2014-01-01 00:00:00","sklearn.ensemble.GradientBoostingClassifier","{""max_depth"": 6, ""n_estimators"": 200, ""min_samples_split"": 2}","precision",10,0.4804609218436874
"2012-01-01 00:00:00","2013-05-02 00:00:00","2013-07-01 00:00:00","2014-01-01 00:00:00","sklearn.ensemble.GradientBoostingClassifier","{""max_depth"": 6, ""n_estimators"": 200, ""min_samples_split"": 2}","recall",10,0.18197343453510437
"2012-01-01 00:00:00","2013-05-02 00:00:00","2013-07-01 00:00:00","2014-01-01 00:00:00","sklearn.ensemble.GradientBoostingClassifier","{""max_depth"": 6, ""n_estimators"": 200, ""min_samples_split"": 2}","f1",10,0.26396917148362237
"2012-01-01 00:00:00","2013-05-02 00:00:00","2013-07-01 00:00:00","2014-01-01 00:00:00","sklearn.ensemble.GradientBoostingClassifier","{""max_depth"": 6, ""n_estimators"": 200, ""min_samples_split"": 2}","roc_auc",10,0.6969707505158249
"2012-01-01 00:00:00","2013-05-02 00:00:00","2013-07-01 00:00:00","2014-01-01 00:00:00","sklearn.ensemble.GradientBoostingClassifier","{""max_depth"": 6, ""n_estimators"": 200, ""min_samples_split"": 2}","accuracy",20,0.7166967147435898
"2012-01-01 00:00:00","2013-05-02 00:00:00","2013-07-01 00:00:00","2014-01-01 00:00:00","sklearn.ensemble.GradientBoostingClassifier","{""max_depth"": 6, ""n_estimators"": 200, ""min_samples_split"": 2}","precision",20,0.45154019534184825
"2012-01-01 00:00:00","2013-05-02 00:00:00","2013-07-01 00:00:00","2014-01-01 00:00:00","sklearn.ensemble.GradientBoostingClassifier","{""max_depth"": 6, ""n_estimators"": 200, ""min_samples_split"": 2}","recall",20,0.34212523719165083
"2012-01-01 00:00:00","2013-05-02 00:00:00","2013-07-01 00:00:00","2014-01-01 00:00:00","sklearn.ensemble.GradientBoostingClassifier","{""max_depth"": 6, ""n_estimators"": 200, ""min_samples_split"": 2}","f1",20,0.38929072654647523
"2012-01-01 00:00:00","2013-05-02 00:00:00","2013-07-01 00:00:00","2014-01-01 00:00:00","sklearn.ensemble.GradientBoostingClassifier","{""max_depth"": 6, ""n_estimators"": 200, ""min_samples_split"": 2}","roc_auc",20,0.6969707505158249
"2012-01-01 00:00:00","2013-05-02 00:00:00","2013-07-01 00:00:00","2014-01-01 00:00:00","sklearn.ensemble.GradientBoostingClassifier","{""max_depth"": 6, ""n_estimators"": 200, ""min_samples_split"": 2}","accuracy",30,0.6889022435897436
"2012-01-01 00:00:00","2013-05-02 00:00:00","2013-07-01 00:00:00","2014-01-01 00:00:00","sklearn.ensemble.GradientBoostingClassifier","{""max_depth"": 6, ""n_estimators"": 200, ""min_samples_split"": 2}","precision",30,0.4213689482470785
"2012-01-01 00:00:00","2013-05-02 00:00:00","2013-07-01 00:00:00","2014-01-01 00:00:00","sklearn.ensemble.GradientBoostingClassifier","{""max_depth"": 6, ""n_estimators"": 200, ""min_samples_split"": 2}","recall",30,0.4789373814041746
"2012-01-01 00:00:00","2013-05-02 00:00:00","2013-07-01 00:00:00","2014-01-01 00:00:00","sklearn.ensemble.GradientBoostingClassifier","{""max_depth"": 6, ""n_estimators"": 200, ""min_samples_split"": 2}","f1",30,0.44831261101243347
"2012-01-01 00:00:00","2013-05-02 00:00:00","2013-07-01 00:00:00","2014-01-01 00:00:00","sklearn.ensemble.GradientBoostingClassifier","{""max_depth"": 6, ""n_estimators"": 200, ""min_samples_split"": 2}","roc_auc",30,0.6969707505158249
"2012-01-01 00:00:00","2013-05-02 00:00:00","2013-07-01 00:00:00","2014-01-01 00:00:00","sklearn.ensemble.GradientBoostingClassifier","{""max_depth"": 6, ""n_estimators"": 200, ""min_samples_split"": 2}","accuracy",50,0.6126802884615384
"2012-01-01 00:00:00","2013-05-02 00:00:00","2013-07-01 00:00:00","2014-01-01 00:00:00","sklearn.ensemble.GradientBoostingClassifier","{""max_depth"": 6, ""n_estimators"": 200, ""min_samples_split"": 2}","precision",50,0.3766025641025641
"2012-01-01 00:00:00","2013-05-02 00:00:00","2013-07-01 00:00:00","2014-01-01 00:00:00","sklearn.ensemble.GradientBoostingClassifier","{""max_depth"": 6, ""n_estimators"": 200, ""min_samples_split"": 2}","recall",50,0.713472485768501
"2012-01-01 00:00:00","2013-05-02 00:00:00","2013-07-01 00:00:00","2014-01-01 00:00:00","sklearn.ensemble.GradientBoostingClassifier","{""max_depth"": 6, ""n_estimators"": 200, ""min_samples_split"": 2}","f1",50,0.4929854464402779
"2012-01-01 00:00:00","2013-05-02 00:00:00","2013-07-01 00:00:00","2014-01-01 00:00:00","sklearn.ensemble.GradientBoostingClassifier","{""max_depth"": 6, ""n_estimators"": 200, ""min_samples_split"": 2}","roc_auc",50,0.6969707505158249
"2012-01-01 00:00:00","2013-05-02 00:00:00","2013-07-01 00:00:00","2014-01-01 00:00:00","sklearn.ensemble.GradientBoostingClassifier","{""max_depth"": 6, ""n_estimators"": 100, ""min_samples_split"": 5}","accuracy",1,0.7365284455128205
"2012-01-01 00:00:00","2013-05-02 00:00:00","2013-07-01 00:00:00","2014-01-01 00:00:00","sklearn.ensemble.GradientBoostingClassifier","{""max_depth"": 6, ""n_estimators"": 100, ""min_samples_split"": 5}","precision",1,0.5226130653266332
"2012-01-01 00:00:00","2013-05-02 00:00:00","2013-07-01 00:00:00","2014-01-01 00:00:00","sklearn.ensemble.GradientBoostingClassifier","{""max_depth"": 6, ""n_estimators"": 100, ""min_samples_split"": 5}","recall",1,0.019734345351043642
"2012-01-01 00:00:00","2013-05-02 00:00:00","2013-07-01 00:00:00","2014-01-01 00:00:00","sklearn.ensemble.GradientBoostingClassifier","{""max_depth"": 6, ""n_estimators"": 100, ""min_samples_split"": 5}","f1",1,0.03803254708356189
"2012-01-01 00:00:00","2013-05-02 00:00:00","2013-07-01 00:00:00","2014-01-01 00:00:00","sklearn.ensemble.GradientBoostingClassifier","{""max_depth"": 6, ""n_estimators"": 100, ""min_samples_split"": 5}","roc_auc",1,0.6951255614945093
"2012-01-01 00:00:00","2013-05-02 00:00:00","2013-07-01 00:00:00","2014-01-01 00:00:00","sklearn.ensemble.GradientBoostingClassifier","{""max_depth"": 6, ""n_estimators"": 100, ""min_samples_split"": 5}","accuracy",2,0.7375300480769231
"2012-01-01 00:00:00","2013-05-02 00:00:00","2013-07-01 00:00:00","2014-01-01 00:00:00","sklearn.ensemble.GradientBoostingClassifier","{""max_depth"": 6, ""n_estimators"": 100, ""min_samples_split"": 5}","precision",2,0.5363408521303258
"2012-01-01 00:00:00","2013-05-02 00:00:00","2013-07-01 00:00:00","2014-01-01 00:00:00","sklearn.ensemble.GradientBoostingClassifier","{""max_depth"": 6, ""n_estimators"": 100, ""min_samples_split"": 5}","recall",2,0.040607210626185955
"2012-01-01 00:00:00","2013-05-02 00:00:00","2013-07-01 00:00:00","2014-01-01 00:00:00","sklearn.ensemble.GradientBoostingClassifier","{""max_depth"": 6, ""n_estimators"": 100, ""min_samples_split"": 5}","f1",2,0.07549832421943904
"2012-01-01 00:00:00","2013-05-02 00:00:00","2013-07-01 00:00:00","2014-01-01 00:00:00","sklearn.ensemble.GradientBoostingClassifier","{""max_depth"": 6, ""n_estimators"": 100, ""min_samples_split"": 5}","roc_auc",2,0.6951255614945093
"2012-01-01 00:00:00","2013-05-02 00:00:00","2013-07-01 00:00:00","2014-01-01 00:00:00","sklearn.ensemble.GradientBoostingClassifier","{""max_depth"": 6, ""n_estimators"": 100, ""min_samples_split"": 5}","accuracy",5,0.7375801282051282
"2012-01-01 00:00:00","2013-05-02 00:00:00","2013-07-01 00:00:00","2014-01-01 00:00:00","sklearn.ensemble.GradientBoostingClassifier","{""max_depth"": 6, ""n_estimators"": 100, ""min_samples_split"": 5}","precision",5,0.5150300601202404
"2012-01-01 00:00:00","2013-05-02 00:00:00","2013-07-01 00:00:00","2014-01-01 00:00:00","sklearn.ensemble.GradientBoostingClassifier","{""max_depth"": 6, ""n_estimators"": 100, ""min_samples_split"": 5}","recall",5,0.09753320683111955
"2012-01-01 00:00:00","2013-05-02 00:00:00","2013-07-01 00:00:00","2014-01-01 00:00:00","sklearn.ensemble.GradientBoostingClassifier","{""max_depth"": 6, ""n_estimators"": 100, ""min_samples_split"": 5}","f1",5,0.16400765794511807
"2012-01-01 00:00:00","2013-05-02 00:00:00","2013-07-01 00:00:00","2014-01-01 00:00:00","sklearn.ensemble.GradientBoostingClassifier","{""max_depth"": 6, ""n_estimators"": 100, ""min_samples_split"": 5}","roc_auc",5,0.6951255614945093
"2012-01-01 00:00:00","2013-05-02 00:00:00","2013-07-01 00:00:00","2014-01-01 00:00:00","sklearn.ensemble.GradientBoostingClassifier","{""max_depth"": 6, ""n_estimators"": 100, ""min_samples_split"": 5}","accuracy",10,0.7324719551282052
"2012-01-01 00:00:00","2013-05-02 00:00:00","2013-07-01 00:00:00","2014-01-01 00:00:00","sklearn.ensemble.GradientBoostingClassifier","{""max_depth"": 6, ""n_estimators"": 100, ""min_samples_split"": 5}","precision",10,0.4819639278557114
"2012-01-01 00:00:00","2013-05-02 00:00:00","2013-07-01 00:00:00","2014-01-01 00:00:00","sklearn.ensemble.GradientBoostingClassifier","{""max_depth"": 6, ""n_estimators"": 100, ""min_samples_split"": 5}","recall",10,0.1825426944971537
"2012-01-01 00:00:00","2013-05-02 00:00:00","2013-07-01 00:00:00","2014-01-01 00:00:00","sklearn.ensemble.GradientBoostingClassifier","{""max_depth"": 6, ""n_estimators"": 100, ""min_samples_split"": 5}","f1",10,0.26479493531516657
"2012-01-01 00:00:00","2013-05-02 00:00:00","2013-07-01 00:00:00","2014-01-01 00:00:00","sklearn.ensemble.GradientBoostingClassifier","{""max_depth"": 6, ""n_estimators"": 100, ""min_samples_split"": 5}","roc_auc",10,0.6951255614945093
"2012-01-01 00:00:00","2013-05-02 00:00:00","2013-07-01 00:00:00","2014-01-01 00:00:00","sklearn.ensemble.GradientBoostingClassifier","{""max_depth"": 6, ""n_estimators"": 100, ""min_samples_split"": 5}","accuracy",20,0.7139923878205128
"2012-01-01 00:00:00","2013-05-02 00:00:00","2013-07-01 00:00:00","2014-01-01 00:00:00","sklearn.ensemble.GradientBoostingClassifier","{""max_depth"": 6, ""n_estimators"": 100, ""min_samples_split"": 5}","precision",20,0.44477836213373406
"2012-01-01 00:00:00","2013-05-02 00:00:00","2013-07-01 00:00:00","2014-01-01 00:00:00","sklearn.ensemble.GradientBoostingClassifier","{""max_depth"": 6, ""n_estimators"": 100, ""min_samples_split"": 5}","recall",20,0.3370018975332068
"2012-01-01 00:00:00","2013-05-02 00:00:00","2013-07-01 00:00:00","2014-01-01 00:00:00","sklearn.ensemble.GradientBoostingClassifier","{""max_depth"": 6, ""n_estimators"": 100, ""min_samples_split"": 5}","f1",20,0.38346108172298393
"2012-01-01 00:00:00","2013-05-02 00:00:00","2013-07-01 00:00:00","2014-01-01 00:00:00","sklearn.ensemble.GradientBoostingClassifier","{""max_depth"": 6, ""n_estimators"": 100, ""min_samples_split"": 5}","roc_auc",20,0.6951255614945093
"2012-01-01 00:00:00","2013-05-02 00:00:00","2013-07-01 00:00:00","2014-01-01 00:00:00","sklearn.ensemble.GradientBoostingClassifier","{""max_depth"": 6, ""n_estimators"": 100, ""min_samples_split"": 5}","accuracy",30,0.6880008012820513
"2012-01-01 00:00:00","2013-05-02 00:00:00","2013-07-01 00:00:00","2014-01-01 00:00:00","sklearn.ensemble.GradientBoostingClassifier","{""max_depth"": 6, ""n_estimators"": 100, ""min_samples_split"": 5}","precision",30,0.41986644407345575
"2012-01-01 00:00:00","2013-05-02 00:00:00","2013-07-01 00:00:00","2014-01-01 00:00:00","sklearn.ensemble.GradientBoostingClassifier","{""max_depth"": 6, ""n_estimators"": 100, ""min_samples_split"": 5}","recall",30,0.47722960151802657
"2012-01-01 00:00:00","2013-05-02 00:00:00","2013-07-01 00:00:00","2014-01-01 00:00:00","sklearn.ensemble.GradientBoostingClassifier","{""max_depth"": 6, ""n_estimators"": 100, ""min_samples_split"": 5}","f1",30,0.4467140319715809
"2012-01-01 00:00:00","2013-05-02 00:00:00","2013-07-01 00:00:00","2014-01-01 00:00:00","sklearn.ensemble.GradientBoostingClassifier","{""max_depth"": 6, ""n_estimators"": 100, ""min_samples_split"": 5}","roc_auc",30,0.6951255614945093
"2012-01-01 00:00:00","2013-05-02 00:00:00","2013-07-01 00:00:00","2014-01-01 00:00:00","sklearn.ensemble.GradientBoostingClassifier","{""max_depth"": 6, ""n_estimators"": 100, ""min_samples_split"": 5}","accuracy",50,0.6131810897435898
"2012-01-01 00:00:00","2013-05-02 00:00:00","2013-07-01 00:00:00","2014-01-01 00:00:00","sklearn.ensemble.GradientBoostingClassifier","{""max_depth"": 6, ""n_estimators"": 100, ""min_samples_split"": 5}","precision",50,0.37710336538461536
"2012-01-01 00:00:00","2013-05-02 00:00:00","2013-07-01 00:00:00","2014-01-01 00:00:00","sklearn.ensemble.GradientBoostingClassifier","{""max_depth"": 6, ""n_estimators"": 100, ""min_samples_split"": 5}","recall",50,0.7144212523719166
"2012-01-01 00:00:00","2013-05-02 00:00:00","2013-07-01 00:00:00","2014-01-01 00:00:00","sklearn.ensemble.GradientBoostingClassifier","{""max_depth"": 6, ""n_estimators"": 100, ""min_samples_split"": 5}","f1",50,0.493641012193523
"2012-01-01 00:00:00","2013-05-02 00:00:00","2013-07-01 00:00:00","2014-01-01 00:00:00","sklearn.ensemble.GradientBoostingClassifier","{""max_depth"": 6, ""n_estimators"": 100, ""min_samples_split"": 5}","roc_auc",50,0.6951255614945093
"2012-01-01 00:00:00","2013-05-02 00:00:00","2013-07-01 00:00:00","2014-01-01 00:00:00","sklearn.ensemble.GradientBoostingClassifier","{""max_depth"": 6, ""n_estimators"": 200, ""min_samples_split"": 5}","accuracy",1,0.7373297275641025
"2012-01-01 00:00:00","2013-05-02 00:00:00","2013-07-01 00:00:00","2014-01-01 00:00:00","sklearn.ensemble.GradientBoostingClassifier","{""max_depth"": 6, ""n_estimators"": 200, ""min_samples_split"": 5}","precision",1,0.5628140703517588
"2012-01-01 00:00:00","2013-05-02 00:00:00","2013-07-01 00:00:00","2014-01-01 00:00:00","sklearn.ensemble.GradientBoostingClassifier","{""max_depth"": 6, ""n_estimators"": 200, ""min_samples_split"": 5}","recall",1,0.02125237191650854
"2012-01-01 00:00:00","2013-05-02 00:00:00","2013-07-01 00:00:00","2014-01-01 00:00:00","sklearn.ensemble.GradientBoostingClassifier","{""max_depth"": 6, ""n_estimators"": 200, ""min_samples_split"": 5}","f1",1,0.04095812762845127
"2012-01-01 00:00:00","2013-05-02 00:00:00","2013-07-01 00:00:00","2014-01-01 00:00:00","sklearn.ensemble.GradientBoostingClassifier","{""max_depth"": 6, ""n_estimators"": 200, ""min_samples_split"": 5}","roc_auc",1,0.6953706799747892
"2012-01-01 00:00:00","2013-05-02 00:00:00","2013-07-01 00:00:00","2014-01-01 00:00:00","sklearn.ensemble.GradientBoostingClassifier","{""max_depth"": 6, ""n_estimators"": 200, ""min_samples_split"": 5}","accuracy",2,0.7368289262820513
"2012-01-01 00:00:00","2013-05-02 00:00:00","2013-07-01 00:00:00","2014-01-01 00:00:00","sklearn.ensemble.GradientBoostingClassifier","{""max_depth"": 6, ""n_estimators"": 200, ""min_samples_split"": 5}","precision",2,0.518796992481203
"2012-01-01 00:00:00","2013-05-02 00:00:00","2013-07-01 00:00:00","2014-01-01 00:00:00","sklearn.ensemble.GradientBoostingClassifier","{""max_depth"": 6, ""n_estimators"": 200, ""min_samples_split"": 5}","recall",2,0.03927893738140417
"2012-01-01 00:00:00","2013-05-02 00:00:00","2013-07-01 00:00:00","2014-01-01 00:00:00","sklearn.ensemble.GradientBoostingClassifier","{""max_depth"": 6, ""n_estimators"": 200, ""min_samples_split"": 5}","f1",2,0.07302875286646675
"2012-01-01 00:00:00","2013-05-02 00:00:00","2013-07-01 00:00:00","2014-01-01 00:00:00","sklearn.ensemble.GradientBoostingClassifier","{""max_depth"": 6, ""n_estimators"": 200, ""min_samples_split"": 5}","roc_auc",2,0.6953706799747892
"2012-01-01 00:00:00","2013-05-02 00:00:00","2013-07-01 00:00:00","2014-01-01 00:00:00","sklearn.ensemble.GradientBoostingClassifier","{""max_depth"": 6, ""n_estimators"": 200, ""min_samples_split"": 5}","accuracy",5,0.7341746794871795
"2012-01-01 00:00:00","2013-05-02 00:00:00","2013-07-01 00:00:00","2014-01-01 00:00:00","sklearn.ensemble.GradientBoostingClassifier","{""max_depth"": 6, ""n_estimators"": 200, ""min_samples_split"": 5}","precision",5,0.48096192384769537
"2012-01-01 00:00:00","2013-05-02 00:00:00","2013-07-01 00:00:00","2014-01-01 00:00:00","sklearn.ensemble.GradientBoostingClassifier","{""max_depth"": 6, ""n_estimators"": 200, ""min_samples_split"": 5}","recall",5,0.09108159392789374
"2012-01-01 00:00:00","2013-05-02 00:00:00","2013-07-01 00:00:00","2014-01-01 00:00:00","sklearn.ensemble.GradientBoostingClassifier","{""max_depth"": 6, ""n_estimators"": 200, ""min_samples_split"": 5}","f1",5,0.15315890236119972
"2012-01-01 00:00:00","2013-05-02 00:00:00","2013-07-01 00:00:00","2014-01-01 00:00:00","sklearn.ensemble.GradientBoostingClassifier","{""max_depth"": 6, ""n_estimators"": 200, ""min_samples_split"": 5}","roc_auc",5,0.6953706799747892
"2012-01-01 00:00:00","2013-05-02 00:00:00","2013-07-01 00:00:00","2014-01-01 00:00:00","sklearn.ensemble.GradientBoostingClassifier","{""max_depth"": 6, ""n_estimators"": 200, ""min_samples_split"": 5}","accuracy",10,0.731270032051282
"2012-01-01 00:00:00","2013-05-02 00:00:00","2013-07-01 00:00:00","2014-01-01 00:00:00","sklearn.ensemble.GradientBoostingClassifier","{""max_depth"": 6, ""n_estimators"": 200, ""min_samples_split"": 5}","precision",10,0.4759519038076152
"2012-01-01 00:00:00","2013-05-02 00:00:00","2013-07-01 00:00:00","2014-01-01 00:00:00","sklearn.ensemble.GradientBoostingClassifier","{""max_depth"": 6, ""n_estimators"": 200, ""min_samples_split"": 5}","recall",10,0.18026565464895636
"2012-01-01 00:00:00","2013-05-02 00:00:00","2013-07-01 00:00:00","2014-01-01 00:00:00","sklearn.ensemble.GradientBoostingClassifier","{""max_depth"": 6, ""n_estimators"": 200, ""min_samples_split"": 5}","f1",10,0.2614918799889898
"2012-01-01 00:00:00","2013-05-02 00:00:00","2013-07-01 00:00:00","2014-01-01 00:00:00","sklearn.ensemble.GradientBoostingClassifier","{""max_depth"": 6, ""n_estimators"": 200, ""min_samples_split"": 5}","roc_auc",10,0.6953706799747892
"2012-01-01 00:00:00","2013-05-02 00:00:00","2013-07-01 00:00:00","2014-01-01 00:00:00","sklearn.ensemble.GradientBoostingClassifier","{""max_depth"": 6, ""n_estimators"": 200, ""min_samples_split"": 5}","accuracy",20,0.7165965544871795
"2012-01-01 00:00:00","2013-05-02 00:00:00","2013-07-01 00:00:00","2014-01-01 00:00:00","sklearn.ensemble.GradientBoostingClassifier","{""max_depth"": 6, ""n_estimators"": 200, ""min_samples_split"": 5}","precision",20,0.45128975707488106
"2012-01-01 00:00:00","2013-05-02 00:00:00","2013-07-01 00:00:00","2014-01-01 00:00:00","sklearn.ensemble.GradientBoostingClassifier","{""max_depth"": 6, ""n_estimators"": 200, ""min_samples_split"": 5}","recall",20,0.3419354838709677
"2012-01-01 00:00:00","2013-05-02 00:00:00","2013-07-01 00:00:00","2014-01-01 00:00:00","sklearn.ensemble.GradientBoostingClassifier","{""max_depth"": 6, ""n_estimators"": 200, ""min_samples_split"": 5}","f1",20,0.3890748137752348
"2012-01-01 00:00:00","2013-05-02 00:00:00","2013-07-01 00:00:00","2014-01-01 00:00:00","sklearn.ensemble.GradientBoostingClassifier","{""max_depth"": 6, ""n_estimators"": 200, ""min_samples_split"": 5}","roc_auc",20,0.6953706799747892
"2012-01-01 00:00:00","2013-05-02 00:00:00","2013-07-01 00:00:00","2014-01-01 00:00:00","sklearn.ensemble.GradientBoostingClassifier","{""max_depth"": 6, ""n_estimators"": 200, ""min_samples_split"": 5}","accuracy",30,0.6894030448717948
"2012-01-01 00:00:00","2013-05-02 00:00:00","2013-07-01 00:00:00","2014-01-01 00:00:00","sklearn.ensemble.GradientBoostingClassifier","{""max_depth"": 6, ""n_estimators"": 200, ""min_samples_split"": 5}","precision",30,0.42220367278798
"2012-01-01 00:00:00","2013-05-02 00:00:00","2013-07-01 00:00:00","2014-01-01 00:00:00","sklearn.ensemble.GradientBoostingClassifier","{""max_depth"": 6, ""n_estimators"": 200, ""min_samples_split"": 5}","recall",30,0.4798861480075901
"2012-01-01 00:00:00","2013-05-02 00:00:00","2013-07-01 00:00:00","2014-01-01 00:00:00","sklearn.ensemble.GradientBoostingClassifier","{""max_depth"": 6, ""n_estimators"": 200, ""min_samples_split"": 5}","f1",30,0.44920071047957366
"2012-01-01 00:00:00","2013-05-02 00:00:00","2013-07-01 00:00:00","2014-01-01 00:00:00","sklearn.ensemble.GradientBoostingClassifier","{""max_depth"": 6, ""n_estimators"": 200, ""min_samples_split"": 5}","roc_auc",30,0.6953706799747892
"2012-01-01 00:00:00","2013-05-02 00:00:00","2013-07-01 00:00:00","2014-01-01 00:00:00","sklearn.ensemble.GradientBoostingClassifier","{""max_depth"": 6, ""n_estimators"": 200, ""min_samples_split"": 5}","accuracy",50,0.6123798076923077
"2012-01-01 00:00:00","2013-05-02 00:00:00","2013-07-01 00:00:00","2014-01-01 00:00:00","sklearn.ensemble.GradientBoostingClassifier","{""max_depth"": 6, ""n_estimators"": 200, ""min_samples_split"": 5}","precision",50,0.3763020833333333
"2012-01-01 00:00:00","2013-05-02 00:00:00","2013-07-01 00:00:00","2014-01-01 00:00:00","sklearn.ensemble.GradientBoostingClassifier","{""max_depth"": 6, ""n_estimators"": 200, ""min_samples_split"": 5}","recall",50,0.7129032258064516
"2012-01-01 00:00:00","2013-05-02 00:00:00","2013-07-01 00:00:00","2014-01-01 00:00:00","sklearn.ensemble.GradientBoostingClassifier","{""max_depth"": 6, ""n_estimators"": 200, ""min_samples_split"": 5}","f1",50,0.49259210698833095
"2012-01-01 00:00:00","2013-05-02 00:00:00","2013-07-01 00:00:00","2014-01-01 00:00:00","sklearn.ensemble.GradientBoostingClassifier","{""max_depth"": 6, ""n_estimators"": 200, ""min_samples_split"": 5}","roc_auc",50,0.6953706799747892
